methane,hydrogen,temperature,humidity,time

42 ,39 ,21 ,22,14:49:12
42 ,39 ,21 ,22,14:49:17
42 ,39 ,21 ,22,14:49:23
42 ,39 ,21 ,22,14:49:28
42 ,39 ,21 ,22,14:53:09
42 ,39 ,21 ,22,14:53:14
42 ,39 ,21 ,22,14:53:20
42 ,39 ,21 ,22,14:53:25
42 ,39 ,21 ,22,14:53:31
42 ,39 ,21 ,22,14:53:36
42 ,39 ,21 ,22,14:53:42
42 ,39 ,21 ,22,14:53:47
42 ,39 ,21 ,22,14:53:53
42 ,39 ,21 ,22,14:53:59
42 ,39 ,21 ,22,14:54:04
42 ,39 ,21 ,22,14:54:10
42 ,39 ,21 ,22,14:54:15
42 ,39 ,21 ,22,14:54:21
42 ,39 ,21 ,22,14:54:26
42 ,39 ,20 ,22,14:54:32
42 ,39 ,20 ,22,14:54:37
43 ,41 ,21 ,22,14:54:43
42 ,43 ,21 ,22,14:54:48
42 ,42 ,21 ,0,14:54:54
41 ,42 ,20 ,22,14:54:59
41 ,42 ,20 ,22,14:55:05
41 ,42 ,20 ,22,14:55:11
41 ,42 ,19 ,22,14:55:21
41 ,42 ,18 ,23,14:55:27
41 ,41 ,18 ,23,14:55:32
41 ,41 ,17 ,23,14:55:38
41 ,32 ,0 ,23,14:55:44
41 ,41 ,17 ,0,14:55:49
41 ,42 ,17 ,23,14:55:55
32 ,46 ,0 ,23,14:56:00
43 ,54 ,16 ,23,14:56:05
48 ,62 ,16 ,23,14:56:11
87 ,86 ,16 ,23,14:56:16
234 ,209 ,31 ,26,14:58:40
235 ,209 ,31 ,26,14:58:45
234 ,209 ,31 ,26,14:58:51
234 ,208 ,31 ,26,14:58:56
233 ,207 ,32 ,26,14:59:02
232 ,207 ,32 ,27,14:59:07
230 ,205 ,33 ,27,14:59:24
208 ,196 ,0 ,28,15:03:01
208 ,196 ,8 ,28,15:03:09
218 ,196 ,13 ,28,15:03:15
218 ,196 ,13 ,28,15:03:20
208 ,4 ,0 ,28,15:03:26
208 ,4 ,0 ,0,15:03:31
15 ,4 ,0 ,0,15:03:37
208 ,0 ,0 ,0,15:03:42
218 ,192 ,0 ,0,15:03:48
218 ,196 ,2 ,7,15:04:04
217 ,196 ,2 ,7,15:04:10
217 ,196 ,2 ,28,15:04:21
218 ,196 ,2 ,7,15:04:26
208 ,196 ,0 ,7,15:04:32
218 ,196 ,0 ,7,15:04:37
217 ,196 ,0 ,28,15:04:43
218 ,196 ,41 ,0,15:04:48
217 ,196 ,40 ,0,15:04:54
218 ,196 ,41 ,0,15:04:59
217 ,196 ,41 ,0,15:05:05
221 ,201 ,41 ,0,15:05:10
226 ,200 ,42 ,0,15:05:16
224 ,199 ,39 ,0,15:05:21
223 ,199 ,12 ,8,15:05:27
221 ,199 ,13 ,28,15:05:32
222 ,199 ,12 ,28,15:05:38
220 ,198 ,46 ,28,15:05:49
221 ,198 ,44 ,28,15:05:54
208 ,198 ,44 ,28,15:06:00
220 ,197 ,43 ,28,15:06:05
220 ,198 ,32 ,28,15:06:11
220 ,197 ,42 ,28,15:06:16
220 ,198 ,42 ,28,15:06:22
219 ,197 ,41 ,28,15:06:27
220 ,197 ,41 ,28,15:06:33
219 ,197 ,40 ,28,15:06:38
220 ,197 ,40 ,28,15:06:44
219 ,197 ,39 ,28,15:06:49
220 ,197 ,40 ,28,15:06:55
219 ,197 ,39 ,28,15:07:00
219 ,197 ,39 ,28,15:07:06
220 ,197 ,37 ,28,15:07:11
219 ,197 ,37 ,28,15:07:17
219 ,197 ,37 ,28,15:07:22
220 ,197 ,37 ,28,15:07:28
219 ,197 ,37 ,28,15:07:29
220 ,197 ,36 ,28,15:07:39
219 ,197 ,29 ,28,15:07:44
220 ,197 ,24 ,28,15:07:50
220 ,197 ,6 ,28,15:07:55
219 ,197 ,1 ,28,15:08:01
220 ,197 ,1 ,28,15:08:06
219 ,197 ,1 ,28,15:08:12
219 ,197 ,1 ,28,15:08:17
219 ,196 ,1 ,28,15:08:23
220 ,196 ,1 ,28,15:08:28
220 ,196 ,1 ,28,15:08:34
220 ,196 ,1 ,28,15:08:39
219 ,197 ,1 ,28,15:08:45
220 ,196 ,1 ,28,15:08:50
220 ,196 ,1 ,28,15:08:56
220 ,196 ,1 ,28,15:09:01
220 ,196 ,1 ,29,15:09:07
219 ,196 ,1 ,28,15:09:12
220 ,196 ,1 ,29,15:09:18
219 ,196 ,1 ,29,15:09:23
220 ,196 ,1 ,29,15:09:29
219 ,196 ,1 ,29,15:09:34
220 ,196 ,1 ,29,15:09:40
220 ,196 ,1 ,29,15:09:45
219 ,196 ,1 ,29,15:09:51
220 ,196 ,1 ,29,15:09:56
219 ,196 ,1 ,29,15:10:02
220 ,196 ,1 ,29,15:10:07
219 ,196 ,1 ,29,15:10:13
220 ,196 ,1 ,29,15:10:18
220 ,196 ,1 ,29,15:10:24
220 ,192 ,1 ,29,15:10:29
220 ,196 ,1 ,29,15:10:35
220 ,196 ,1 ,29,15:10:40
220 ,196 ,1 ,29,15:10:46
220 ,196 ,1 ,29,15:10:51
220 ,196 ,1 ,29,15:10:57
220 ,196 ,1 ,29,15:11:15
220 ,196 ,1 ,29,15:11:20
220 ,195 ,1 ,29,15:11:31
220 ,196 ,1 ,29,15:11:37
220 ,196 ,1 ,29,15:11:42
220 ,196 ,1 ,29,15:11:48
220 ,196 ,1 ,29,15:11:57
220 ,196 ,1 ,29,15:12:03
220 ,195 ,1 ,29,15:12:08
220 ,195 ,1 ,29,15:12:10
220 ,195 ,1 ,29,15:12:19
220 ,195 ,1 ,29,15:12:25
220 ,195 ,1 ,29,15:12:26
220 ,195 ,1 ,29,15:12:36
220 ,195 ,1 ,29,15:12:41
220 ,195 ,1 ,29,15:12:47
220 ,195 ,1 ,29,15:12:48
220 ,195 ,1 ,29,15:12:54
220 ,195 ,1 ,29,15:12:59
220 ,195 ,1 ,29,15:13:05
220 ,195 ,1 ,29,15:13:10
220 ,195 ,1 ,29,15:13:20
220 ,195 ,1 ,29,15:13:21
220 ,195 ,1 ,29,15:13:27
220 ,195 ,1 ,29,15:13:32
220 ,195 ,1 ,29,15:13:38
220 ,195 ,1 ,29,15:13:47
220 ,195 ,1 ,28,15:13:49
220 ,195 ,1 ,29,15:13:58
220 ,195 ,1 ,29,15:14:00
220 ,195 ,1 ,29,15:14:06
220 ,195 ,1 ,29,15:14:11
220 ,195 ,1 ,29,15:14:17
220 ,195 ,1 ,29,15:14:22
220 ,194 ,1 ,29,15:14:28
220 ,194 ,1 ,29,15:14:33
220 ,194 ,1 ,29,15:14:39
220 ,194 ,1 ,29,15:14:44
220 ,194 ,1 ,29,15:14:50
220 ,194 ,1 ,29,15:15:04
220 ,194 ,1 ,28,15:15:06
220 ,192 ,1 ,29,15:15:12
220 ,194 ,1 ,29,15:15:34
220 ,194 ,1 ,29,15:15:39
219 ,194 ,1 ,29,15:15:45
220 ,193 ,1 ,29,15:15:50
220 ,193 ,1 ,29,15:15:56
220 ,193 ,1 ,29,15:16:01
220 ,193 ,1 ,29,15:16:07
220 ,193 ,1 ,29,15:16:12
219 ,193 ,1 ,29,15:16:18
219 ,193 ,1 ,29,15:16:23
219 ,193 ,1 ,29,15:16:29
219 ,193 ,1 ,29,15:16:34
220 ,193 ,1 ,29,15:16:40
219 ,193 ,1 ,29,15:16:45
219 ,193 ,1 ,28,15:16:51
219 ,193 ,1 ,28,15:16:56
219 ,193 ,1 ,28,15:17:02
219 ,192 ,1 ,28,15:17:07
219 ,192 ,1 ,28,15:17:13
219 ,192 ,1 ,28,15:17:18
0 ,192 ,1 ,28,15:17:24
219 ,192 ,1 ,28,15:17:29
219 ,192 ,1 ,28,15:17:46
219 ,192 ,1 ,28,15:17:52
219 ,192 ,1 ,28,15:17:57
219 ,192 ,1 ,28,15:18:03
219 ,192 ,1 ,28,15:18:08
218 ,192 ,1 ,28,15:18:14
219 ,191 ,1 ,28,15:18:22
218 ,191 ,1 ,28,15:18:25
218 ,191 ,1 ,28,15:18:30
218 ,191 ,1 ,28,15:18:36
218 ,191 ,1 ,28,15:18:41
218 ,191 ,1 ,28,15:18:47
218 ,191 ,1 ,28,15:18:52
218 ,191 ,1 ,28,15:18:58
218 ,191 ,1 ,28,15:19:03
218 ,191 ,1 ,28,15:19:09
218 ,191 ,1 ,28,15:19:14
218 ,191 ,1 ,28,15:19:20
218 ,190 ,1 ,28,15:19:25
218 ,190 ,1 ,28,15:19:31
218 ,190 ,1 ,28,15:19:36
218 ,190 ,1 ,28,15:19:42
217 ,190 ,1 ,28,15:19:47
217 ,190 ,1 ,28,15:19:53
217 ,190 ,1 ,28,15:19:58
217 ,190 ,1 ,28,15:20:04
217 ,190 ,1 ,28,15:20:09
217 ,190 ,1 ,28,15:20:15
217 ,190 ,1 ,28,15:20:23
217 ,190 ,1 ,28,15:20:29
217 ,190 ,1 ,28,15:20:31
217 ,189 ,1 ,28,15:20:37
217 ,189 ,1 ,28,15:20:42
216 ,189 ,1 ,28,15:20:48
216 ,189 ,1 ,28,15:21:04
216 ,189 ,1 ,28,15:21:10
216 ,189 ,1 ,28,15:21:15
216 ,189 ,1 ,28,15:21:21
216 ,189 ,1 ,28,15:21:26
216 ,189 ,1 ,28,15:21:32
216 ,189 ,1 ,28,15:21:37
215 ,189 ,1 ,28,15:21:43
215 ,189 ,1 ,28,15:21:49
215 ,189 ,1 ,28,15:21:54
215 ,189 ,1 ,28,15:22:00
215 ,189 ,1 ,28,15:22:05
215 ,189 ,1 ,28,15:22:11
215 ,189 ,1 ,28,15:22:16
215 ,189 ,1 ,28,15:22:22
215 ,189 ,1 ,28,15:22:27
215 ,189 ,1 ,28,15:22:33
214 ,189 ,1 ,28,15:22:38
215 ,189 ,1 ,28,15:22:44
214 ,189 ,1 ,28,15:22:49
214 ,189 ,1 ,28,15:22:55
214 ,189 ,1 ,28,15:23:00
214 ,189 ,1 ,28,15:23:06
214 ,189 ,1 ,28,15:23:11
214 ,189 ,1 ,28,15:23:17
214 ,189 ,1 ,28,15:23:22
214 ,190 ,1 ,28,15:23:28
214 ,190 ,1 ,28,15:23:33
214 ,190 ,1 ,28,15:23:39
214 ,190 ,1 ,28,15:23:44
214 ,190 ,1 ,28,15:23:50
213 ,191 ,1 ,28,15:23:55
213 ,191 ,1 ,28,15:24:01
213 ,192 ,1 ,28,15:24:06
213 ,192 ,1 ,28,15:24:12
213 ,192 ,1 ,28,15:24:17
213 ,193 ,1 ,28,15:24:23
213 ,194 ,1 ,28,15:24:28
213 ,194 ,1 ,28,15:24:34
212 ,195 ,1 ,28,15:24:39
213 ,196 ,1 ,28,15:24:45
213 ,196 ,1 ,28,15:24:50
213 ,197 ,1 ,28,15:24:56
212 ,198 ,1 ,28,15:25:01
212 ,199 ,1 ,28,15:25:07
212 ,201 ,1 ,28,15:25:12
212 ,202 ,1 ,28,15:25:18
212 ,203 ,1 ,28,15:25:23
212 ,205 ,1 ,28,15:25:29
212 ,207 ,1 ,28,15:25:34
212 ,209 ,1 ,28,15:25:40
212 ,211 ,1 ,28,15:25:46
212 ,214 ,1 ,28,15:25:51
212 ,216 ,1 ,28,15:25:57
213 ,218 ,1 ,28,15:26:02
213 ,221 ,1 ,28,15:26:08
213 ,224 ,1 ,28,15:26:13
213 ,227 ,1 ,28,15:26:19
214 ,230 ,1 ,28,15:26:24
214 ,233 ,1 ,28,15:26:30
79 ,95 ,0 ,0,15:29:43
77 ,82 ,0 ,0,15:34:24
293 ,305 ,23 ,21,15:34:29
296 ,292 ,23 ,21,15:34:35
228 ,217 ,23 ,21,15:34:40
177 ,162 ,23 ,21,15:34:46
148 ,131 ,23 ,21,15:34:51
131 ,113 ,23 ,21,15:34:57
121 ,103 ,23 ,21,15:35:02
114 ,97 ,23 ,21,15:35:08
108 ,92 ,23 ,21,15:35:13
104 ,89 ,23 ,21,15:35:19
101 ,86 ,23 ,21,15:35:24
101 ,86 ,0 ,0,15:35:27
96 ,86 ,23 ,21,15:35:30
94 ,80 ,23 ,21,15:35:35
92 ,80 ,23 ,21,15:35:41
90 ,78 ,0 ,0,15:35:47
93 ,80 ,0 ,0,15:35:48
96 ,87 ,0 ,0,15:35:52
103 ,90 ,27 ,21,15:35:57
93 ,83 ,28 ,22,15:36:03
113 ,81 ,27 ,22,15:36:08
92 ,79 ,28 ,22,15:36:14
87 ,80 ,26 ,22,15:36:19
84 ,74 ,25 ,22,15:36:25
84 ,72 ,25 ,22,15:36:30
83 ,71 ,24 ,22,15:36:36
76 ,76 ,24 ,22,15:36:41
74 ,74 ,23 ,22,15:36:47
80 ,68 ,23 ,22,15:36:52
79 ,67 ,23 ,23,15:36:58
78 ,68 ,23 ,23,15:37:04
77 ,67 ,22 ,23,15:37:09
77 ,68 ,22 ,23,15:37:15
77 ,72 ,0 ,0,15:37:20
76 ,68 ,22 ,23,15:37:26
76 ,67 ,22 ,23,15:37:31
75 ,67 ,22 ,23,15:37:37
74 ,66 ,22 ,23,15:37:42
74 ,66 ,22 ,23,15:37:48
74 ,66 ,22 ,23,15:37:53
73 ,66 ,22 ,23,15:37:59
73 ,65 ,22 ,23,15:38:04
74 ,65 ,22 ,23,15:38:10
80 ,71 ,0 ,0,15:38:15
79 ,72 ,22 ,24,15:38:21
132 ,136 ,23 ,24,15:38:26
149 ,141 ,22 ,24,15:38:32
108 ,105 ,22 ,24,15:38:37
92 ,84 ,0 ,0,15:38:43
84 ,76 ,22 ,23,15:38:48
82 ,70 ,0 ,0,15:38:50
119 ,91 ,34 ,23,15:38:54
113 ,78 ,48 ,23,15:38:59
102 ,81 ,0 ,0,15:39:05
97 ,82 ,37 ,24,15:39:10
84 ,78 ,0 ,0,15:39:16
113 ,79 ,28 ,24,15:39:21
104 ,88 ,27 ,23,15:39:27
102 ,87 ,27 ,23,15:39:32
90 ,80 ,0 ,0,15:39:36
79 ,69 ,26 ,23,15:39:38
76 ,64 ,26 ,23,15:39:43
70 ,59 ,26 ,23,15:39:49
70 ,58 ,0 ,0,15:39:54
71 ,60 ,0 ,0,15:39:55
69 ,57 ,26 ,23,15:40:00
69 ,57 ,0 ,0,15:40:03
68 ,57 ,0 ,0,15:40:06
70 ,59 ,0 ,0,15:40:06
71 ,59 ,27 ,23,15:40:11
71 ,58 ,0 ,0,15:40:16
72 ,64 ,0 ,0,15:40:18
68 ,60 ,27 ,24,15:40:27
67 ,63 ,27 ,24,15:40:33
69 ,59 ,27 ,24,15:40:38
93 ,82 ,27 ,24,15:40:44
84 ,72 ,27 ,24,15:40:49
80 ,70 ,0 ,0,15:40:53
80 ,70 ,0 ,0,15:40:55
78 ,67 ,27 ,24,15:41:01
76 ,65 ,27 ,24,15:41:06
74 ,64 ,28 ,24,15:41:12
73 ,62 ,27 ,24,15:41:17
80 ,70 ,0 ,0,15:41:18
75 ,70 ,25 ,24,15:41:23
73 ,67 ,25 ,24,15:41:28
80 ,61 ,24 ,24,15:41:34
73 ,65 ,24 ,24,15:41:39
79 ,72 ,24 ,24,15:41:45
98 ,92 ,22 ,23,15:41:56
117 ,110 ,21 ,23,15:42:01
131 ,121 ,20 ,23,15:42:07
139 ,128 ,19 ,23,15:42:12
144 ,132 ,18 ,23,15:42:18
148 ,135 ,18 ,23,15:42:23
151 ,138 ,17 ,23,15:42:29
156 ,141 ,19 ,23,15:42:34
165 ,150 ,24 ,23,15:42:40
169 ,151 ,27 ,23,15:42:45
172 ,152 ,30 ,23,15:42:51
173 ,154 ,32 ,23,15:42:56
176 ,158 ,34 ,23,15:43:02
178 ,161 ,35 ,23,15:43:07
181 ,164 ,37 ,23,15:43:13
182 ,166 ,38 ,23,15:43:18
184 ,169 ,39 ,23,15:43:24
185 ,170 ,40 ,23,15:43:29
187 ,172 ,41 ,23,15:43:35
188 ,173 ,42 ,23,15:43:40
189 ,174 ,44 ,23,15:43:46
190 ,175 ,45 ,23,15:43:51
190 ,175 ,45 ,23,15:43:57
192 ,176 ,43 ,23,15:44:02
192 ,175 ,42 ,23,15:44:08
192 ,175 ,41 ,23,15:44:13
191 ,174 ,40 ,23,15:44:19
191 ,173 ,39 ,23,15:44:24
190 ,173 ,38 ,23,15:44:30
179 ,163 ,23 ,23,15:47:00
178 ,163 ,22 ,23,15:47:09
178 ,163 ,22 ,23,15:47:15
178 ,163 ,22 ,23,15:47:20
178 ,162 ,22 ,23,15:47:26
178 ,162 ,21 ,23,15:47:31
178 ,162 ,21 ,23,15:47:37
178 ,162 ,21 ,23,15:47:42
177 ,162 ,20 ,23,15:47:48
177 ,162 ,20 ,23,15:47:53
155 ,139 ,20 ,23,15:47:59
151 ,134 ,0 ,0,15:47:59
134 ,127 ,23 ,23,15:48:06
121 ,105 ,24 ,23,15:48:10
112 ,98 ,25 ,23,15:48:16
103 ,90 ,25 ,23,15:48:27
99 ,85 ,25 ,23,15:48:32
100 ,85 ,0 ,0,15:48:34
96 ,82 ,26 ,22,15:48:38
97 ,83 ,26 ,22,15:48:44
97 ,80 ,0 ,0,15:48:55
94 ,81 ,26 ,22,15:49:00
93 ,84 ,26 ,22,15:49:08
90 ,79 ,27 ,22,15:49:16
87 ,80 ,27 ,22,15:49:25
86 ,76 ,27 ,22,15:49:28
87 ,77 ,27 ,22,15:49:33
85 ,76 ,27 ,22,15:49:39
86 ,76 ,26 ,22,15:49:44
88 ,78 ,25 ,22,15:49:50
88 ,79 ,24 ,22,15:49:55
89 ,80 ,24 ,22,15:50:01
89 ,80 ,23 ,22,15:50:06
90 ,81 ,23 ,22,15:50:12
90 ,81 ,22 ,22,15:50:17
91 ,82 ,22 ,22,15:50:23
91 ,82 ,21 ,22,15:50:28
91 ,82 ,21 ,23,15:50:34
91 ,83 ,21 ,23,15:50:39
93 ,84 ,20 ,23,15:50:45
96 ,85 ,20 ,23,15:50:50
99 ,87 ,21 ,23,15:50:56
103 ,89 ,22 ,23,15:51:01
108 ,93 ,24 ,23,15:51:07
113 ,97 ,26 ,23,15:51:12
115 ,101 ,28 ,23,15:51:18
118 ,107 ,0 ,0,15:51:23
122 ,110 ,31 ,24,15:51:29
125 ,112 ,33 ,24,15:51:34
125 ,113 ,34 ,24,15:51:40
126 ,114 ,36 ,24,15:51:45
127 ,115 ,37 ,24,15:51:51
128 ,116 ,38 ,24,15:51:56
129 ,116 ,38 ,24,15:52:02
129 ,117 ,39 ,24,15:52:07
130 ,118 ,40 ,24,15:52:13
131 ,119 ,41 ,24,15:52:18
133 ,121 ,42 ,24,15:52:24
133 ,120 ,42 ,24,15:52:29
131 ,116 ,43 ,24,15:52:35
129 ,116 ,42 ,24,15:52:41
128 ,114 ,42 ,25,15:52:46
125 ,112 ,41 ,25,15:52:52
123 ,110 ,40 ,25,15:52:59
121 ,108 ,39 ,25,15:53:05
119 ,106 ,38 ,25,15:53:08
117 ,105 ,37 ,25,15:53:16
115 ,103 ,36 ,25,15:53:19
114 ,102 ,35 ,25,15:53:25
112 ,101 ,33 ,25,15:53:32
111 ,100 ,32 ,25,15:53:36
110 ,99 ,31 ,25,15:53:41
109 ,99 ,30 ,25,15:53:47
108 ,98 ,29 ,25,15:53:52
108 ,97 ,28 ,25,15:53:58
107 ,97 ,28 ,25,15:54:03
106 ,97 ,27 ,25,15:54:09
106 ,96 ,26 ,25,15:54:14
106 ,96 ,25 ,25,15:54:20
105 ,96 ,25 ,25,15:54:25
105 ,96 ,24 ,25,15:54:31
104 ,95 ,23 ,25,15:54:36
104 ,95 ,23 ,25,15:54:42
104 ,95 ,22 ,26,15:54:47
103 ,95 ,22 ,26,15:54:53
103 ,94 ,21 ,26,15:54:58
103 ,94 ,21 ,26,15:55:04
103 ,94 ,20 ,26,15:55:09
102 ,94 ,20 ,26,15:55:15
102 ,94 ,20 ,26,15:55:20
102 ,93 ,19 ,26,15:55:26
102 ,93 ,19 ,26,15:55:31
102 ,93 ,18 ,26,15:55:39
102 ,93 ,18 ,26,15:55:42
101 ,93 ,17 ,26,15:55:50
101 ,93 ,17 ,26,15:55:53
101 ,93 ,17 ,26,15:55:59
101 ,93 ,16 ,26,15:56:04
101 ,93 ,16 ,26,15:56:10
101 ,93 ,15 ,26,15:56:15
100 ,93 ,15 ,26,15:56:21
101 ,92 ,14 ,26,15:56:26
100 ,92 ,14 ,26,15:56:32
100 ,92 ,14 ,26,15:56:38
100 ,92 ,13 ,26,15:56:43
100 ,92 ,13 ,26,15:56:49
100 ,92 ,29 ,26,15:56:54
100 ,92 ,44 ,26,15:57:00
100 ,92 ,45 ,26,15:57:05
100 ,92 ,43 ,26,15:57:11
100 ,92 ,43 ,26,15:57:16
100 ,92 ,43 ,26,15:57:22
100 ,92 ,42 ,26,15:57:27
100 ,92 ,42 ,26,15:57:33
100 ,92 ,41 ,26,15:57:38
99 ,92 ,42 ,26,15:57:44
99 ,92 ,41 ,27,15:57:49
99 ,92 ,41 ,27,15:57:55
99 ,92 ,40 ,27,15:58:00
99 ,92 ,40 ,27,15:58:06
99 ,92 ,40 ,27,15:58:11
99 ,92 ,39 ,27,15:58:17
99 ,92 ,39 ,27,15:58:22
99 ,91 ,39 ,27,15:58:28
99 ,92 ,39 ,27,15:58:33
99 ,91 ,38 ,27,15:58:39
99 ,91 ,37 ,27,15:58:44
99 ,91 ,37 ,27,15:58:50
99 ,91 ,37 ,27,15:58:55
99 ,91 ,37 ,27,15:59:01
99 ,91 ,37 ,27,15:59:06
99 ,91 ,36 ,27,15:59:12
99 ,91 ,36 ,27,15:59:17
99 ,91 ,35 ,27,15:59:23
99 ,91 ,35 ,27,15:59:28
99 ,91 ,34 ,27,15:59:34
99 ,91 ,34 ,27,15:59:39
99 ,91 ,34 ,27,15:59:45
99 ,91 ,34 ,27,15:59:50
99 ,91 ,34 ,27,15:59:56
99 ,91 ,34 ,27,16:00:01
99 ,91 ,17 ,27,16:00:07
99 ,91 ,7 ,27,16:00:12
99 ,91 ,1 ,27,16:00:19
99 ,91 ,1 ,27,16:00:24
99 ,91 ,1 ,27,16:00:29
99 ,91 ,1 ,27,16:00:35
99 ,91 ,1 ,27,16:00:41
98 ,91 ,1 ,27,16:00:46
98 ,91 ,1 ,27,16:00:51
99 ,91 ,1 ,27,16:00:57
98 ,91 ,1 ,27,16:01:02
99 ,91 ,1 ,27,16:01:08
98 ,91 ,1 ,27,16:01:13
98 ,91 ,1 ,27,16:01:19
98 ,91 ,1 ,27,16:01:24
98 ,91 ,1 ,27,16:01:31
98 ,91 ,1 ,27,16:01:36
98 ,91 ,1 ,27,16:01:42
98 ,91 ,1 ,27,16:01:46
98 ,91 ,1 ,27,16:01:52
98 ,91 ,1 ,27,16:01:57
98 ,91 ,1 ,27,16:02:03
98 ,91 ,1 ,27,16:02:08
98 ,91 ,1 ,27,16:02:14
98 ,91 ,1 ,27,16:02:20
99 ,91 ,1 ,27,16:02:26
98 ,91 ,1 ,27,16:02:31
98 ,91 ,1 ,27,16:02:37
98 ,91 ,1 ,27,16:02:42
98 ,91 ,1 ,27,16:02:48
98 ,91 ,1 ,27,16:02:53
98 ,91 ,1 ,27,16:02:59
98 ,91 ,1 ,27,16:03:04
98 ,91 ,1 ,27,16:03:10
98 ,91 ,1 ,27,16:03:15
98 ,91 ,1 ,27,16:03:21
98 ,91 ,1 ,27,16:03:26
98 ,91 ,1 ,27,16:03:32
98 ,91 ,1 ,27,16:03:37
98 ,91 ,1 ,27,16:03:43
98 ,91 ,1 ,27,16:03:48
98 ,91 ,1 ,28,16:03:54
98 ,91 ,1 ,28,16:03:59
98 ,91 ,1 ,28,16:04:05
98 ,91 ,1 ,28,16:04:10
98 ,91 ,1 ,28,16:04:16
98 ,91 ,1 ,28,16:04:21
98 ,91 ,1 ,28,16:04:27
98 ,91 ,1 ,28,16:04:32
98 ,91 ,1 ,28,16:04:38
98 ,91 ,1 ,28,16:04:43
98 ,91 ,1 ,28,16:04:49
98 ,91 ,1 ,28,16:04:54
98 ,91 ,1 ,28,16:05:00
98 ,91 ,1 ,28,16:05:05
98 ,91 ,1 ,28,16:05:11
98 ,91 ,1 ,28,16:05:16
98 ,91 ,1 ,28,16:05:21
98 ,91 ,1 ,28,16:05:27
98 ,91 ,1 ,28,16:05:43
98 ,91 ,1 ,28,16:05:49
98 ,91 ,1 ,28,16:06:00
98 ,91 ,1 ,28,16:06:05
98 ,91 ,1 ,28,16:06:11
98 ,91 ,1 ,28,16:06:16
98 ,91 ,1 ,28,16:06:22
98 ,91 ,1 ,28,16:06:27
98 ,91 ,1 ,28,16:06:33
98 ,91 ,1 ,28,16:06:38
98 ,91 ,1 ,28,16:06:44
98 ,91 ,1 ,28,16:06:49
98 ,91 ,1 ,28,16:06:55
98 ,91 ,1 ,28,16:07:00
98 ,91 ,1 ,28,16:07:06
98 ,91 ,1 ,28,16:07:11
98 ,91 ,1 ,28,16:07:17
98 ,91 ,1 ,28,16:07:22
98 ,91 ,1 ,28,16:07:28
98 ,91 ,1 ,28,16:07:33
98 ,91 ,1 ,28,16:07:39
98 ,91 ,1 ,28,16:07:44
98 ,91 ,1 ,28,16:07:50
98 ,91 ,1 ,28,16:07:56
98 ,91 ,1 ,28,16:08:01
98 ,91 ,1 ,28,16:08:07
98 ,91 ,1 ,28,16:08:12
98 ,91 ,1 ,28,16:08:18
98 ,91 ,1 ,28,16:08:23
98 ,91 ,1 ,28,16:08:29
98 ,91 ,1 ,28,16:10:02
98 ,91 ,1 ,28,16:10:40
98 ,91 ,1 ,28,16:10:46
98 ,91 ,1 ,28,16:10:57
98 ,91 ,1 ,28,16:11:03
98 ,91 ,1 ,28,16:11:08
98 ,91 ,1 ,28,16:11:14
2 ,91 ,1 ,0,16:11:19
2 ,91 ,0 ,28,16:11:25
98 ,91 ,1 ,28,16:11:30
98 ,91 ,1 ,28,16:11:36
98 ,91 ,1 ,28,16:11:41
98 ,91 ,1 ,28,16:11:47
98 ,91 ,1 ,28,16:11:52
98 ,91 ,1 ,28,16:11:58
98 ,91 ,1 ,28,16:12:03
98 ,91 ,1 ,28,16:12:09
98 ,91 ,1 ,28,16:12:14
98 ,91 ,1 ,28,16:12:20
98 ,91 ,1 ,28,16:12:25
98 ,91 ,1 ,28,16:12:31
98 ,91 ,1 ,28,16:12:36
98 ,91 ,1 ,28,16:12:42
98 ,91 ,1 ,28,16:12:47
98 ,91 ,1 ,28,16:12:53
98 ,91 ,1 ,28,16:12:58
98 ,91 ,1 ,28,16:13:04
98 ,91 ,1 ,28,16:13:09
98 ,91 ,1 ,28,16:13:15
98 ,91 ,1 ,28,16:13:20
98 ,91 ,1 ,28,16:13:26
98 ,91 ,1 ,28,16:13:31
98 ,91 ,1 ,28,16:13:37
98 ,91 ,1 ,28,16:13:42
98 ,91 ,1 ,28,16:13:48
98 ,91 ,1 ,28,16:13:58
98 ,91 ,1 ,28,16:14:04
98 ,91 ,1 ,28,16:14:10
98 ,91 ,1 ,28,16:14:15
98 ,91 ,1 ,28,16:14:21
98 ,91 ,1 ,28,16:14:26
98 ,91 ,1 ,28,16:14:32
98 ,91 ,1 ,28,16:14:37
98 ,91 ,1 ,28,16:14:43
98 ,91 ,1 ,28,16:14:48
98 ,91 ,1 ,28,16:14:54
98 ,91 ,1 ,28,16:14:59
98 ,91 ,1 ,28,16:15:05
98 ,91 ,1 ,28,16:15:10
98 ,91 ,1 ,28,16:15:16
98 ,91 ,1 ,28,16:15:21
98 ,91 ,1 ,28,16:15:27
98 ,91 ,1 ,28,16:15:32
98 ,91 ,1 ,28,16:15:38
98 ,91 ,1 ,28,16:15:43
98 ,91 ,1 ,28,16:15:59
98 ,91 ,1 ,28,16:16:05
98 ,91 ,1 ,28,16:16:11
98 ,91 ,1 ,28,16:16:16
98 ,91 ,1 ,28,16:16:22
98 ,91 ,1 ,28,16:16:32
98 ,91 ,0 ,8,16:16:43
98 ,91 ,1 ,28,16:16:49
98 ,91 ,1 ,28,16:16:55
98 ,91 ,1 ,28,16:17:00
98 ,91 ,1 ,28,16:17:06
98 ,91 ,1 ,28,16:17:11
98 ,91 ,1 ,28,16:17:17
98 ,91 ,1 ,28,16:17:22
98 ,91 ,1 ,28,16:17:28
98 ,91 ,1 ,28,16:17:33
98 ,91 ,1 ,28,16:17:39
98 ,91 ,1 ,28,16:17:44
98 ,91 ,1 ,28,16:17:50
98 ,91 ,1 ,28,16:17:55
98 ,91 ,1 ,28,16:18:01
98 ,91 ,1 ,28,16:18:06
98 ,91 ,1 ,28,16:18:12
98 ,91 ,1 ,28,16:18:22
98 ,91 ,1 ,28,16:18:28
98 ,91 ,1 ,28,16:18:34
98 ,91 ,1 ,28,16:18:39
98 ,91 ,1 ,28,16:18:45
98 ,91 ,1 ,28,16:18:50
98 ,91 ,1 ,28,16:18:56
98 ,91 ,1 ,28,16:19:01
98 ,91 ,1 ,28,16:19:07
98 ,91 ,1 ,28,16:19:12
98 ,91 ,1 ,28,16:19:18
98 ,91 ,1 ,28,16:19:23
98 ,91 ,1 ,28,16:19:29
98 ,91 ,1 ,28,16:19:34
98 ,91 ,1 ,28,16:19:40
98 ,91 ,1 ,28,16:19:45
98 ,91 ,1 ,28,16:19:51
98 ,91 ,1 ,28,16:19:56
98 ,91 ,1 ,28,16:20:02
98 ,91 ,1 ,28,16:20:07
98 ,91 ,1 ,28,16:20:13
98 ,91 ,1 ,28,16:20:18
98 ,91 ,1 ,28,16:20:24
98 ,91 ,1 ,28,16:20:29
98 ,91 ,1 ,28,16:20:35
98 ,91 ,1 ,28,16:20:40
98 ,91 ,1 ,28,16:20:46
98 ,91 ,1 ,28,16:20:51
98 ,91 ,1 ,28,16:20:57
98 ,91 ,1 ,28,16:21:02
98 ,91 ,1 ,28,16:21:08
98 ,91 ,1 ,28,16:21:13
98 ,91 ,1 ,28,16:21:19
98 ,91 ,1 ,28,16:21:24
98 ,91 ,1 ,28,16:21:29
98 ,91 ,1 ,28,16:21:35
98 ,91 ,1 ,28,16:21:40
