,methane1,methane2,time
0,83,0,13:12:50
1,83,0,13:12:54
2,83,0,13:13:04
3,83,0,13:13:09
4,83,0,13:13:15
5,83,0,13:13:20
6,83,0,13:13:26
7,83,0,13:13:31
8,83,134,13:13:32
9,0,98,13:13:37
10,83,0,13:13:38
11,83,94,13:13:43
12,0,91,13:13:48
13,83,0,13:13:51
14,83,0,13:13:57
15,83,0,13:14:04
16,83,0,13:14:10
17,83,0,13:14:15
18,0,0,13:14:16
19,83,0,13:14:18
20,83,0,13:14:26
21,83,0,13:14:32
22,83,0,13:14:37
23,82,0,13:14:43
24,83,0,13:14:48
25,82,0,13:14:54
26,82,0,13:14:59
27,82,0,13:15:05
28,82,0,13:15:10
29,82,0,13:15:16
30,82,0,13:15:21
31,82,0,13:15:27
32,81,0,13:15:32
33,82,0,13:15:38
34,80,0,13:15:43
35,79,0,13:15:49
36,78,0,13:15:54
37,78,0,13:16:00
38,78,0,13:16:05
39,81,0,13:16:11
40,80,0,13:16:15
41,80,0,13:16:22
42,79,0,13:16:27
43,80,0,13:16:33
44,79,0,13:16:39
45,72,0,13:16:44
46,72,0,13:16:50
47,73,0,13:16:55
48,73,0,13:17:01
49,72,0,13:17:06
50,72,0,13:17:12
51,73,0,13:17:17
52,76,0,13:17:23
53,76,0,13:17:28
54,76,0,13:17:34
55,76,0,13:17:39
56,76,0,13:17:45
57,75,0,13:17:50
58,75,0,13:17:56
59,75,0,13:18:01
60,75,0,13:18:07
61,75,0,13:18:12
62,75,0,13:18:18
63,75,0,13:18:23
64,76,0,13:18:29
65,76,0,13:18:34
66,76,0,13:18:40
67,76,0,13:18:45
68,78,0,13:21:25
69,78,0,13:21:31
70,78,0,13:21:36
71,78,0,13:21:42
72,82,98,13:21:47
73,83,102,13:21:53
74,83,101,13:21:58
75,0,100,13:21:59
76,71,99,13:22:04
77,78,0,13:22:09
78,0,102,13:22:10
79,82,102,13:22:15
80,66,0,13:22:20
81,0,101,13:22:21
82,65,101,13:22:26
83,65,0,13:22:31
84,0,101,13:22:32
85,65,101,13:22:37
86,65,0,13:22:42
87,0,101,13:22:43
88,65,100,13:22:48
89,65,0,13:22:53
90,0,101,13:22:54
91,65,100,13:22:59
92,65,0,13:23:04
93,0,99,13:23:05
94,77,101,13:23:15
95,0,101,13:23:16
96,75,101,13:23:21
97,104,0,13:23:26
98,0,101,13:23:27
99,79,100,13:23:32
100,0,101,13:23:42
101,71,101,13:23:43
102,67,0,13:23:48
103,0,101,13:23:49
104,66,0,13:23:54
105,0,101,13:23:55
106,65,0,13:23:59
107,0,101,13:24:00
108,64,0,13:24:05
109,0,101,13:24:06
110,64,0,13:24:10
111,0,101,13:24:11
112,65,0,13:24:16
113,0,102,13:24:17
114,65,0,13:24:21
115,0,103,13:24:22
116,65,0,13:24:27
117,0,103,13:24:28
118,65,0,13:24:32
119,0,104,13:24:33
120,65,0,13:24:38
121,0,104,13:24:39
122,66,0,13:24:43
123,0,101,13:24:44
124,65,0,13:24:49
125,0,100,13:24:50
126,66,0,13:24:54
127,0,101,13:24:55
128,66,0,13:25:00
129,0,102,13:25:01
130,65,0,13:25:05
131,0,101,13:25:06
132,65,0,13:25:11
133,0,100,13:25:12
134,66,0,13:25:16
135,0,101,13:25:17
136,66,0,13:25:22
137,0,101,13:25:23
138,65,0,13:25:27
139,0,100,13:25:28
140,66,0,13:25:33
141,0,99,13:25:34
142,66,0,13:25:38
143,0,100,13:25:39
144,66,0,13:25:44
145,0,100,13:25:45
146,67,0,13:25:49
147,0,100,13:25:50
148,67,0,13:25:55
149,0,100,13:25:56
150,67,0,13:26:00
151,0,96,13:26:01
152,68,0,13:26:06
153,0,100,13:26:07
154,68,0,13:26:11
155,0,100,13:26:12
156,69,0,13:26:17
157,0,100,13:26:18
158,69,0,13:26:22
159,70,0,13:26:28
160,0,100,13:26:29
161,70,0,13:26:33
162,0,100,13:26:34
163,70,0,13:26:39
164,71,0,13:26:45
165,70,0,13:26:50
166,70,0,13:26:56
167,70,0,13:27:01
168,71,0,13:27:07
169,71,0,13:27:12
170,71,0,13:27:18
171,72,0,13:27:23
172,72,0,13:27:29
173,72,0,13:27:35
174,72,0,13:27:40
175,73,0,13:27:46
176,73,0,13:27:51
177,73,0,13:27:57
178,73,0,13:28:02
179,73,0,13:28:08
180,73,0,13:28:13
181,73,0,13:28:19
182,73,0,13:28:24
183,73,0,13:28:30
184,74,0,13:28:35
185,74,0,13:28:41
186,74,0,13:28:46
187,74,0,13:28:52
188,75,0,13:28:57
189,75,0,13:29:03
190,75,0,13:29:08
191,74,0,13:29:14
192,74,0,13:29:19
193,0,108,13:29:20
194,74,0,13:29:24
195,0,106,13:29:25
196,74,0,13:29:29
197,0,108,13:29:31
198,74,0,13:29:35
199,0,102,13:29:36
200,75,0,13:29:40
201,0,103,13:29:42
202,76,0,13:29:46
203,0,103,13:29:47
204,76,0,13:29:51
205,0,105,13:29:53
206,76,0,13:29:57
207,0,114,13:29:58
208,75,0,13:30:02
209,0,113,13:30:04
210,75,0,13:30:08
211,0,106,13:30:09
212,75,0,13:30:13
213,0,111,13:30:15
214,75,0,13:30:19
215,0,107,13:30:20
216,76,0,13:30:24
217,0,107,13:30:26
218,76,0,13:30:30
219,0,108,13:30:31
220,78,0,13:30:35
221,0,106,13:30:37
222,80,0,13:30:41
223,0,103,13:30:42
224,82,0,13:30:46
225,0,103,13:30:48
226,83,0,13:30:52
227,0,105,13:30:53
228,85,0,13:30:57
229,0,107,13:30:59
230,85,0,13:31:03
231,0,107,13:31:05
232,86,0,13:31:08
233,0,107,13:31:10
234,87,0,13:31:14
235,0,106,13:31:16
236,88,0,13:31:19
237,0,105,13:31:21
238,89,0,13:31:25
239,0,106,13:31:27
240,90,0,13:31:30
241,0,106,13:31:32
242,91,0,13:31:36
243,0,105,13:31:38
244,91,0,13:31:41
245,0,108,13:31:43
246,92,0,13:31:47
247,0,108,13:31:49
248,93,0,13:31:52
249,0,109,13:31:54
250,94,0,13:31:58
251,0,106,13:32:00
252,94,0,13:32:03
253,0,106,13:32:05
254,95,0,13:32:09
255,0,105,13:32:11
256,95,0,13:32:14
257,0,103,13:32:16
258,96,0,13:32:20
259,0,101,13:32:22
260,96,0,13:32:25
261,0,101,13:32:27
262,96,0,13:32:31
263,0,101,13:32:33
264,97,0,13:32:36
265,97,0,13:32:43
266,0,102,13:32:44
267,97,0,13:32:47
268,0,102,13:32:49
269,97,0,13:32:53
270,0,101,13:32:55
271,96,0,13:32:58
272,93,0,13:33:04
273,0,101,13:33:06
274,86,0,13:33:09
275,0,101,13:33:11
276,76,0,13:33:15
277,0,100,13:33:17
278,69,0,13:33:20
279,0,100,13:33:22
280,66,0,13:33:26
281,0,100,13:33:28
282,64,0,13:33:31
283,0,100,13:33:33
284,64,0,13:33:37
285,0,100,13:33:39
286,63,0,13:33:42
287,0,100,13:33:44
288,0,101,13:33:50
289,0,100,13:33:55
290,0,101,13:34:01
291,0,100,13:34:09
292,0,100,13:34:15
293,0,100,13:34:20
294,0,100,13:34:26
295,0,100,13:34:31
296,0,101,13:34:37
297,0,101,13:34:47
298,0,102,13:34:53
299,0,102,13:34:59
300,0,105,13:35:04
301,201,0,13:41:15
302,188,0,13:41:21
303,140,0,13:41:26
304,136,0,13:41:32
305,129,0,13:41:37
306,95,0,13:41:48
307,95,0,13:41:54
308,102,0,13:41:59
309,91,83,13:42:05
310,87,0,13:42:10
311,0,86,13:42:11
312,85,89,13:42:16
313,86,0,13:42:21
314,0,94,13:42:22
315,82,99,13:42:27
316,83,0,13:42:32
317,84,97,13:42:38
318,0,102,13:42:44
319,81,99,13:42:49
320,82,0,13:42:54
321,0,99,13:42:55
322,80,96,13:43:00
323,86,0,13:43:05
324,0,96,13:43:06
325,87,93,13:43:11
326,83,0,13:43:16
327,0,87,13:43:17
328,80,86,13:43:22
329,81,0,13:43:27
330,0,80,13:43:28
331,83,82,13:43:33
332,82,0,13:43:38
333,0,81,13:43:39
334,81,81,13:43:44
335,82,0,13:43:49
336,0,81,13:43:50
337,81,80,13:43:55
338,81,0,13:44:00
339,0,81,13:44:01
340,81,0,13:44:06
341,0,80,13:44:07
342,81,0,13:44:11
343,0,80,13:44:12
344,80,0,13:44:17
345,0,80,13:44:18
346,80,0,13:44:22
347,0,81,13:44:23
348,80,0,13:44:28
349,0,81,13:44:29
350,80,0,13:44:33
351,0,81,13:44:34
352,80,0,13:44:39
353,0,81,13:44:40
354,80,0,13:44:44
355,0,81,13:44:45
356,80,0,13:44:50
357,0,81,13:44:51
358,80,0,13:44:55
359,80,0,13:45:01
360,80,0,13:45:06
361,0,83,13:45:07
362,80,0,13:45:12
363,0,83,13:45:13
364,79,0,13:45:17
365,0,83,13:45:18
366,79,0,13:45:23
367,0,85,13:45:24
368,79,0,13:45:28
369,0,84,13:45:29
370,79,0,13:45:34
371,0,85,13:45:35
372,79,0,13:45:39
373,0,86,13:45:40
374,79,0,13:45:45
375,0,86,13:45:46
376,79,0,13:45:50
377,0,87,13:45:51
378,79,0,13:45:56
379,0,88,13:45:57
380,79,0,13:46:01
381,0,88,13:46:02
382,79,0,13:46:07
383,0,87,13:46:08
384,79,0,13:46:12
385,0,87,13:46:13
386,79,0,13:46:18
387,0,86,13:46:19
388,79,0,13:46:23
389,0,87,13:46:24
390,79,0,13:46:29
391,0,86,13:46:30
392,79,0,13:46:34
393,0,86,13:46:35
394,79,0,13:46:40
395,0,86,13:46:41
396,79,0,13:46:45
397,0,87,13:46:46
398,79,0,13:46:51
399,0,87,13:46:52
400,64,0,13:46:56
401,0,87,13:46:57
402,79,0,13:47:02
403,0,87,13:47:03
404,78,0,13:47:07
405,0,87,13:47:08
406,78,0,13:47:13
407,78,87,13:47:19
408,78,0,13:47:24
409,0,87,13:47:25
410,78,0,13:47:29
411,0,87,13:47:31
412,78,0,13:47:35
413,0,87,13:47:36
414,78,0,13:47:40
415,0,88,13:47:42
416,78,0,13:47:46
417,0,88,13:47:47
418,78,0,13:47:51
419,0,89,13:47:53
420,78,0,13:47:57
421,0,90,13:47:58
422,78,0,13:48:02
423,0,89,13:48:04
424,78,0,13:48:08
425,0,89,13:48:09
426,78,0,13:48:13
427,0,90,13:48:15
428,78,0,13:48:19
429,0,90,13:48:20
430,78,0,13:48:24
431,0,90,13:48:26
432,78,0,13:48:30
433,0,90,13:48:31
434,78,0,13:48:35
435,0,91,13:48:37
436,78,0,13:48:41
437,0,92,13:48:42
438,78,0,13:48:46
439,0,93,13:48:48
440,78,0,13:48:52
441,0,93,13:48:53
442,78,0,13:48:57
443,78,94,13:49:08
444,0,94,13:49:10
445,78,0,13:49:14
446,0,94,13:49:15
447,78,0,13:49:19
448,78,0,13:49:26
449,78,0,13:49:31
450,78,0,13:49:37
451,78,0,13:49:42
452,78,95,13:49:48
453,78,0,13:49:52
454,0,95,13:49:54
455,78,0,13:49:58
456,0,95,13:49:59
457,78,0,13:50:03
458,78,0,13:50:09
459,78,0,13:50:14
460,78,0,13:50:21
461,78,0,13:50:25
462,78,0,13:50:32
463,78,0,13:50:37
464,78,0,13:50:43
465,78,0,13:50:48
466,78,0,13:50:54
467,78,0,13:51:00
468,78,0,13:51:05
469,78,0,13:51:11
470,78,0,13:51:16
471,78,0,13:51:20
472,78,0,13:51:27
473,78,0,13:51:33
474,78,0,13:51:38
475,78,0,13:51:42
476,78,0,13:51:49
477,78,0,13:51:53
478,78,0,13:52:00
479,78,0,13:52:06
480,78,0,13:52:11
481,78,0,13:52:17
482,78,0,13:52:22
483,78,0,13:52:28
484,78,0,13:52:33
485,78,0,13:52:39
486,78,0,13:52:44
487,78,0,13:52:50
488,78,0,13:52:55
489,78,0,13:53:01
490,78,0,13:53:06
491,78,0,13:53:12
492,78,0,13:53:17
493,78,0,13:53:23
494,78,0,13:53:28
495,78,0,13:53:34
496,78,0,13:53:38
497,0,97,13:53:40
498,78,0,13:53:43
499,78,0,13:53:50
500,0,100,13:53:51
501,78,0,13:53:54
502,0,101,13:53:56
503,78,0,13:54:00
504,0,101,13:54:02
505,78,0,13:54:05
506,78,0,13:54:11
507,0,99,13:54:13
508,78,0,13:54:16
509,0,99,13:54:18
510,78,0,13:54:22
511,0,99,13:54:24
512,78,0,13:54:27
513,0,99,13:54:30
514,78,0,13:54:33
515,0,99,13:54:35
516,78,0,13:54:38
517,0,99,13:54:41
518,78,0,13:54:44
519,0,99,13:54:46
520,78,0,13:54:49
521,0,99,13:54:52
522,78,0,13:54:55
523,0,99,13:54:57
524,78,0,13:55:00
525,0,99,13:55:03
526,78,0,13:55:06
527,0,100,13:55:08
528,78,0,13:55:11
529,0,100,13:55:14
530,78,0,13:55:17
531,0,100,13:55:19
532,78,0,13:55:22
533,0,100,13:55:25
534,78,0,13:55:28
535,0,100,13:55:30
536,78,0,13:55:33
537,0,100,13:55:36
538,78,0,13:55:39
539,0,100,13:55:41
540,78,0,13:55:44
541,0,100,13:55:47
542,78,0,13:55:50
543,0,100,13:55:52
544,78,0,13:55:55
545,0,100,13:55:58
546,78,0,13:56:01
547,0,100,13:56:03
548,78,0,13:56:06
549,0,100,13:56:09
550,78,0,13:56:12
551,0,100,13:56:14
552,78,0,13:56:17
553,0,101,13:56:20
554,78,0,13:56:23
555,0,100,13:56:25
556,78,0,13:56:28
557,0,100,13:56:31
558,78,0,13:56:34
559,0,101,13:56:36
560,78,0,13:56:39
561,0,100,13:56:42
562,78,0,13:56:45
563,78,0,13:56:50
564,78,0,13:56:58
565,78,0,13:57:03
566,0,100,13:57:04
567,78,0,13:57:07
568,0,100,13:57:09
569,78,0,13:57:12
570,0,100,13:57:15
571,78,0,13:57:18
572,0,100,13:57:20
573,78,0,13:57:23
574,0,100,13:57:26
575,79,0,13:57:29
576,0,100,13:57:31
577,78,0,13:57:34
578,0,100,13:57:37
579,78,0,13:57:40
580,0,101,13:57:42
581,79,0,13:57:45
582,0,101,13:57:48
583,79,0,13:57:51
584,0,101,13:57:53
585,78,0,13:57:56
586,0,101,13:57:59
587,79,0,13:58:02
588,0,101,13:58:05
589,79,0,13:58:07
590,79,0,13:58:15
591,0,101,13:58:16
592,79,0,13:58:18
593,79,0,13:58:24
594,0,101,13:58:27
595,79,0,13:58:29
596,0,102,13:58:32
597,79,0,13:58:35
598,0,102,13:58:38
599,79,0,13:58:40
600,79,0,13:58:48
601,0,103,13:58:49
602,79,0,13:58:51
603,0,103,13:58:54
604,79,0,13:58:57
605,0,103,13:59:00
606,79,0,13:59:02
607,0,103,13:59:05
608,79,0,13:59:08
609,0,103,13:59:11
610,79,0,13:59:13
611,0,103,13:59:16
612,79,0,13:59:19
613,0,104,13:59:22
614,79,0,13:59:24
615,0,104,13:59:27
616,79,0,13:59:30
617,0,105,13:59:33
618,79,0,13:59:35
619,0,106,13:59:38
620,79,0,13:59:41
621,0,107,13:59:44
622,79,0,13:59:46
623,0,121,13:59:49
624,79,0,13:59:52
625,0,119,13:59:55
626,79,0,13:59:57
627,0,117,14:00:00
628,79,0,14:00:03
629,0,117,14:00:06
630,79,0,14:00:08
631,0,114,14:00:11
632,79,0,14:00:14
633,0,117,14:00:17
634,79,0,14:00:19
635,0,117,14:00:22
636,79,0,14:00:25
637,0,118,14:00:28
638,79,0,14:00:30
639,0,110,14:00:33
640,79,0,14:00:36
641,0,110,14:00:39
642,79,0,14:00:41
643,0,110,14:00:44
644,79,0,14:00:47
645,0,110,14:00:50
646,79,0,14:00:52
647,0,111,14:00:55
648,79,0,14:00:58
649,0,111,14:01:01
650,79,0,14:01:03
651,0,119,14:01:06
652,79,0,14:01:09
653,0,120,14:01:12
654,79,0,14:01:14
655,0,119,14:01:17
656,79,0,14:01:20
657,0,122,14:01:23
658,79,0,14:01:25
659,0,123,14:01:29
660,79,0,14:01:31
661,0,125,14:01:34
662,79,0,14:01:36
663,0,124,14:01:40
664,79,0,14:01:42
665,0,123,14:01:45
666,79,0,14:01:47
667,0,123,14:01:51
668,79,0,14:01:53
669,0,122,14:01:56
670,79,0,14:01:58
671,0,122,14:02:02
672,80,0,14:02:04
673,0,122,14:02:07
674,80,0,14:02:09
675,0,122,14:02:13
676,79,0,14:02:15
677,0,121,14:02:18
678,79,0,14:02:20
679,0,121,14:02:24
680,80,0,14:02:26
681,0,121,14:02:29
682,80,0,14:02:31
683,0,119,14:02:35
684,79,0,14:02:37
685,0,121,14:02:40
686,80,0,14:02:42
687,0,119,14:02:46
688,80,0,14:02:48
689,0,119,14:02:51
690,80,0,14:02:53
691,0,119,14:02:57
692,80,0,14:02:59
693,0,118,14:03:02
694,80,0,14:03:04
695,0,118,14:03:08
696,80,0,14:03:10
697,0,118,14:03:13
698,80,0,14:03:15
699,0,111,14:03:19
700,80,0,14:03:21
701,0,116,14:03:24
702,80,0,14:03:26
703,0,115,14:03:30
704,80,0,14:03:32
705,0,113,14:03:35
706,80,0,14:03:37
707,0,113,14:03:41
708,80,0,14:03:43
709,0,111,14:03:46
710,80,0,14:03:48
711,0,111,14:03:52
712,80,0,14:03:54
713,0,109,14:03:57
714,80,0,14:03:59
715,0,108,14:04:03
716,80,0,14:04:05
717,0,107,14:04:08
718,80,0,14:04:10
719,0,105,14:04:14
720,80,0,14:04:16
721,0,104,14:04:19
722,80,0,14:04:21
723,0,101,14:04:25
724,80,0,14:04:27
725,0,100,14:04:30
726,80,0,14:04:32
727,0,99,14:04:36
728,80,0,14:04:38
729,0,98,14:04:41
730,80,0,14:04:43
731,0,97,14:04:47
732,80,0,14:04:49
733,0,97,14:04:52
734,80,0,14:04:54
735,0,96,14:04:58
736,80,0,14:05:00
737,0,96,14:05:03
738,80,0,14:05:05
739,0,0,14:05:09
740,80,0,14:05:11
741,0,95,14:05:15
742,80,0,14:05:17
743,0,96,14:05:20
744,80,0,14:05:22
745,0,95,14:05:26
746,80,0,14:05:28
747,0,95,14:05:31
748,80,0,14:05:33
749,0,95,14:05:37
750,80,0,14:05:39
751,0,95,14:05:42
752,80,0,14:05:44
753,0,94,14:05:48
754,80,0,14:05:50
755,0,95,14:05:53
756,80,0,14:05:55
757,0,95,14:05:59
758,80,0,14:06:01
759,0,95,14:06:04
760,80,0,14:06:06
761,0,94,14:06:10
762,80,0,14:06:12
763,0,94,14:06:15
764,80,0,14:06:17
765,0,94,14:06:21
766,80,0,14:06:23
767,0,94,14:06:26
768,80,0,14:06:28
769,0,94,14:06:32
770,80,0,14:06:34
771,0,94,14:06:37
772,80,0,14:06:39
773,0,94,14:06:43
774,81,0,14:06:45
775,0,94,14:06:48
776,81,0,14:06:50
777,0,94,14:06:54
778,80,0,14:06:56
779,0,94,14:06:59
780,81,0,14:07:01
781,0,94,14:07:05
782,80,0,14:07:07
783,0,94,14:07:10
784,81,0,14:07:12
785,80,0,14:07:18
786,0,94,14:07:21
787,81,0,14:07:23
788,0,94,14:07:27
789,81,0,14:07:29
790,0,94,14:07:32
791,81,0,14:07:34
792,0,94,14:07:38
793,81,0,14:07:40
794,0,94,14:07:43
795,81,0,14:07:45
796,0,94,14:07:49
797,81,0,14:07:51
798,0,94,14:07:54
799,81,0,14:07:56
800,0,94,14:08:00
801,81,0,14:08:02
802,0,94,14:08:05
803,81,0,14:08:07
804,0,94,14:08:11
805,81,0,14:08:13
806,0,94,14:08:16
807,81,0,14:08:18
808,0,94,14:08:22
809,81,0,14:08:24
810,0,94,14:08:27
811,81,0,14:08:29
812,0,94,14:08:33
813,81,0,14:08:35
814,0,94,14:08:39
815,81,0,14:08:40
816,0,94,14:08:44
817,81,0,14:08:46
818,0,94,14:08:50
819,81,0,14:08:51
820,0,94,14:08:55
821,81,0,14:08:57
822,0,94,14:09:01
823,81,0,14:09:02
824,0,94,14:09:06
825,81,0,14:09:08
826,0,94,14:09:12
827,81,0,14:09:13
828,0,94,14:09:17
829,81,0,14:09:19
830,0,94,14:09:23
831,81,0,14:09:24
832,0,94,14:09:28
833,81,0,14:09:30
834,0,94,14:09:34
835,81,0,14:09:35
836,0,95,14:09:39
837,81,0,14:09:41
838,0,95,14:09:45
839,81,0,14:09:46
840,0,94,14:09:50
841,82,0,14:09:52
842,0,95,14:09:56
843,82,0,14:09:57
844,0,95,14:10:01
845,82,0,14:10:03
846,0,95,14:10:07
847,82,0,14:10:08
848,0,95,14:10:12
849,82,0,14:10:14
850,0,95,14:10:18
851,82,0,14:10:19
852,0,94,14:10:23
853,82,0,14:10:25
854,0,94,14:10:29
855,82,0,14:10:30
856,0,94,14:10:34
857,82,0,14:10:36
858,0,94,14:10:40
859,82,0,14:10:41
860,0,95,14:10:45
861,82,0,14:10:47
862,0,94,14:10:51
863,82,0,14:10:52
864,0,94,14:10:56
865,82,0,14:10:58
866,0,94,14:11:02
867,82,0,14:11:03
868,0,94,14:11:07
869,82,0,14:11:09
870,0,94,14:11:13
871,82,0,14:11:14
872,0,94,14:11:18
873,82,0,14:11:20
874,0,94,14:11:24
875,82,0,14:11:25
876,0,94,14:11:29
877,82,0,14:11:31
878,0,94,14:11:35
879,82,0,14:11:36
880,0,95,14:11:40
881,82,0,14:11:42
882,82,0,14:11:47
883,0,94,14:11:51
884,82,0,14:11:53
885,0,94,14:11:57
886,82,0,14:11:58
887,0,95,14:12:02
888,82,0,14:12:04
889,0,94,14:12:08
890,82,0,14:12:09
891,0,95,14:12:14
892,82,0,14:12:15
893,0,94,14:12:19
894,82,0,14:12:20
895,0,94,14:12:25
896,82,0,14:12:26
897,0,94,14:12:30
898,82,0,14:12:31
899,0,94,14:12:36
900,82,0,14:12:37
901,0,94,14:12:41
902,82,0,14:12:42
903,0,95,14:12:47
904,82,0,14:12:48
905,0,94,14:12:52
906,83,0,14:12:53
907,0,94,14:12:58
908,83,0,14:12:59
909,0,94,14:13:03
910,83,0,14:13:04
911,0,94,14:13:09
912,83,0,14:13:10
913,0,94,14:13:14
914,83,0,14:13:15
915,0,94,14:13:20
916,83,0,14:13:21
917,0,94,14:13:25
918,83,0,14:13:26
919,0,94,14:13:31
920,83,0,14:13:32
921,0,94,14:13:36
922,83,0,14:13:37
923,0,94,14:13:42
924,83,0,14:13:43
925,0,94,14:13:47
926,83,0,14:13:48
927,0,94,14:13:53
928,83,0,14:13:54
929,0,94,14:13:58
930,83,0,14:13:59
931,0,94,14:14:04
932,83,0,14:14:05
933,0,94,14:14:09
934,83,0,14:14:10
935,0,94,14:14:15
936,84,0,14:14:16
937,0,94,14:14:20
938,83,0,14:14:21
939,0,94,14:14:26
940,83,0,14:14:27
941,0,94,14:14:31
942,83,0,14:14:32
943,0,94,14:14:37
944,84,0,14:14:38
945,0,94,14:14:42
946,83,0,14:14:43
947,0,94,14:14:48
948,83,0,14:14:49
949,0,94,14:14:53
950,84,0,14:14:54
951,0,94,14:14:59
952,83,0,14:15:00
953,0,94,14:15:04
954,83,0,14:15:05
955,0,94,14:15:10
956,83,0,14:15:11
957,0,94,14:15:15
958,84,0,14:15:16
959,0,94,14:15:21
960,83,0,14:15:22
961,0,94,14:15:26
962,83,0,14:15:27
963,0,94,14:15:32
964,84,0,14:15:33
965,0,94,14:15:37
966,83,0,14:15:38
967,0,94,14:15:43
968,82,0,14:15:44
969,84,94,14:15:49
970,0,94,14:15:54
971,83,0,14:15:55
972,84,94,14:16:00
973,0,94,14:16:05
974,84,0,14:16:06
975,84,94,14:16:11
976,0,94,14:16:16
977,83,0,14:16:17
978,84,94,14:16:22
979,84,0,14:16:32
980,84,0,14:16:38
981,84,0,14:16:43
982,84,0,14:16:49
983,84,0,14:16:54
984,84,0,14:17:00
985,84,0,14:17:05
986,84,0,14:17:11
987,84,0,14:17:16
988,84,0,14:17:19
989,84,0,14:17:27
990,83,0,14:17:33
991,84,0,14:17:38
992,84,0,14:17:44
993,84,0,14:17:49
994,84,0,14:17:55
995,84,0,14:18:00
996,84,0,14:18:06
997,84,0,14:18:11
998,84,0,14:18:17
999,84,0,14:18:22
1000,85,0,14:18:28
1001,84,0,14:18:33
1002,85,0,14:18:39
1003,84,0,14:18:44
1004,84,0,14:18:50
1005,84,0,14:18:55
1006,84,0,14:19:01
1007,84,0,14:19:06
1008,84,0,14:19:12
1009,84,0,14:19:17
1010,84,0,14:19:23
1011,84,0,14:19:29
1012,84,0,14:19:34
1013,84,0,14:19:40
1014,85,0,14:19:45
1015,85,0,14:19:51
1016,84,0,14:19:56
1017,85,0,14:20:02
1018,85,0,14:20:07
1019,85,0,14:20:13
1020,85,0,14:20:18
1021,85,0,14:20:24
1022,85,0,14:20:29
1023,85,0,14:20:35
1024,85,0,14:20:40
1025,85,0,14:20:46
1026,84,0,14:20:51
1027,85,0,14:23:20
1028,85,0,14:23:26
1029,85,0,14:23:31
1030,85,94,14:23:37
1031,85,93,14:23:42
1032,85,94,14:23:48
1033,85,0,14:23:53
1034,0,94,14:23:54
1035,86,93,14:23:59
1036,86,0,14:24:04
1037,0,94,14:24:05
1038,86,94,14:24:10
1039,86,0,14:24:15
1040,0,94,14:24:16
1041,86,93,14:24:21
1042,86,0,14:24:26
1043,0,94,14:24:27
1044,85,94,14:24:32
1045,86,0,14:24:37
1046,0,94,14:24:38
1047,85,94,14:24:43
1048,85,0,14:24:48
1049,0,94,14:24:49
1050,85,94,14:24:54
1051,85,0,14:24:59
1052,0,94,14:25:00
1053,86,94,14:25:05
1054,86,0,14:25:10
1055,0,94,14:25:11
1056,86,94,14:25:16
1057,85,0,14:25:21
1058,0,94,14:25:22
1059,88,94,14:25:27
1060,87,0,14:25:32
1061,0,94,14:25:33
1062,86,94,14:25:38
1063,87,0,14:25:43
1064,0,94,14:25:44
1065,88,94,14:25:49
1066,87,0,14:25:54
1067,0,94,14:25:55
1068,87,94,14:26:00
1069,87,0,14:26:05
1070,0,94,14:26:06
1071,87,94,14:26:11
1072,87,0,14:26:16
1073,0,94,14:26:17
1074,87,94,14:26:22
1075,87,0,14:26:27
1076,0,94,14:26:28
1077,87,0,14:26:33
1078,0,94,14:26:34
1079,87,0,14:26:38
1080,0,94,14:26:39
1081,86,0,14:26:44
1082,0,94,14:26:45
1083,87,0,14:26:49
1084,0,94,14:26:50
1085,87,0,14:26:55
1086,0,94,14:26:56
1087,87,0,14:27:00
1088,0,94,14:27:01
1089,87,0,14:27:06
1090,0,94,14:27:07
1091,87,0,14:27:11
1092,0,94,14:27:12
1093,88,0,14:27:17
1094,0,94,14:27:18
1095,87,0,14:27:22
1096,0,94,14:27:23
1097,87,0,14:27:28
1098,0,94,14:27:29
1099,87,0,14:27:33
1100,0,94,14:27:34
1101,87,0,14:27:39
1102,0,94,14:27:40
1103,88,0,14:27:44
1104,0,94,14:27:45
1105,86,0,14:27:50
1106,0,94,14:27:51
1107,86,0,14:27:55
1108,0,94,14:27:56
1109,88,0,14:28:01
1110,0,94,14:28:02
1111,87,0,14:28:06
1112,0,94,14:28:07
1113,87,0,14:28:12
1114,0,94,14:28:13
1115,87,0,14:28:17
1116,0,94,14:28:18
1117,87,0,14:28:23
1118,0,94,14:28:24
1119,87,0,14:28:28
1120,0,94,14:28:29
1121,87,0,14:28:34
1122,0,94,14:28:35
1123,87,0,14:28:39
1124,0,94,14:28:40
1125,87,0,14:28:45
1126,0,94,14:28:46
1127,87,0,14:28:50
1128,0,94,14:28:51
1129,87,0,14:28:56
1130,0,94,14:28:57
1131,87,0,14:29:01
1132,0,94,14:29:02
1133,87,0,14:29:07
1134,0,95,14:29:08
1135,87,0,14:29:12
1136,0,94,14:29:13
1137,88,0,14:29:18
1138,0,94,14:29:19
1139,88,0,14:29:23
1140,88,0,14:29:29
1141,0,94,14:29:30
1142,88,0,14:29:34
1143,0,94,14:29:35
1144,89,0,14:29:40
1145,0,94,14:29:41
1146,87,0,14:29:45
1147,0,95,14:29:46
1148,88,0,14:29:51
1149,0,95,14:29:52
1150,89,0,14:29:56
1151,0,95,14:29:57
1152,88,0,14:30:02
1153,0,95,14:30:03
1154,88,0,14:30:07
1155,0,95,14:30:09
1156,88,0,14:30:13
1157,0,95,14:30:14
1158,88,0,14:30:18
1159,0,95,14:30:20
1160,88,0,14:30:24
1161,0,95,14:30:25
1162,88,0,14:30:29
1163,0,95,14:30:31
1164,89,0,14:30:35
1165,0,95,14:30:36
1166,89,0,14:30:40
1167,0,95,14:30:42
1168,89,0,14:30:46
1169,0,95,14:30:47
1170,89,0,14:30:51
1171,0,95,14:30:53
1172,89,0,14:30:57
1173,0,95,14:30:58
1174,89,0,14:31:02
1175,0,95,14:31:04
1176,88,0,14:31:08
1177,0,95,14:31:09
1178,89,0,14:31:13
1179,0,95,14:31:15
1180,89,0,14:31:19
1181,0,95,14:31:20
1182,89,0,14:31:24
1183,0,95,14:31:26
1184,89,0,14:31:30
1185,0,95,14:31:31
1186,89,0,14:31:35
1187,0,95,14:31:37
1188,89,0,14:31:41
1189,0,95,14:31:42
1190,89,0,14:31:46
1191,0,95,14:31:48
1192,89,0,14:31:52
1193,0,94,14:31:53
1194,90,0,14:31:57
1195,0,95,14:31:59
1196,90,0,14:32:03
1197,0,95,14:32:04
1198,90,0,14:32:08
1199,0,94,14:32:10
1200,89,0,14:32:14
1201,0,95,14:32:15
1202,89,0,14:32:19
1203,0,95,14:32:21
1204,89,0,14:32:25
1205,0,95,14:32:26
1206,89,0,14:32:30
1207,0,95,14:32:32
1208,89,0,14:32:36
1209,0,96,14:32:37
1210,89,0,14:32:41
1211,0,95,14:32:43
1212,89,0,14:32:47
1213,0,95,14:32:48
1214,89,0,14:32:52
1215,0,94,14:32:54
1216,89,0,14:32:58
1217,0,95,14:32:59
1218,90,0,14:33:03
1219,0,95,14:33:05
1220,90,0,14:33:09
1221,0,95,14:33:10
1222,90,0,14:33:14
1223,0,94,14:33:16
1224,90,0,14:33:20
1225,0,95,14:33:21
1226,89,0,14:33:25
1227,0,94,14:33:27
1228,90,0,14:33:31
1229,0,94,14:33:32
1230,90,0,14:33:36
1231,0,95,14:33:38
1232,90,0,14:33:42
1233,0,94,14:33:44
1234,91,0,14:33:47
1235,0,95,14:33:49
1236,90,0,14:33:53
1237,0,94,14:33:55
1238,90,0,14:33:58
1239,0,94,14:34:00
1240,90,0,14:34:04
1241,0,94,14:34:06
1242,90,0,14:34:09
1243,0,95,14:34:11
1244,90,0,14:34:15
1245,0,95,14:34:17
1246,90,0,14:34:20
1247,0,95,14:34:22
1248,91,0,14:34:26
1249,0,95,14:34:28
1250,90,0,14:34:31
1251,0,94,14:34:33
1252,90,0,14:34:37
1253,0,94,14:34:39
1254,90,0,14:34:42
1255,0,95,14:34:44
1256,90,0,14:34:48
1257,0,95,14:34:50
1258,90,0,14:34:53
1259,0,95,14:34:55
1260,90,0,14:34:59
1261,0,95,14:35:01
1262,90,0,14:35:04
1263,0,95,14:35:06
1264,90,0,14:35:10
1265,0,95,14:35:12
1266,0,95,14:35:17
1267,91,0,14:35:21
1268,0,95,14:35:23
1269,90,0,14:35:26
1270,0,95,14:35:28
1271,91,0,14:35:32
1272,0,95,14:35:34
1273,91,0,14:35:37
1274,0,94,14:35:39
1275,91,0,14:35:43
1276,0,95,14:35:45
1277,91,0,14:35:48
1278,0,95,14:35:50
1279,91,0,14:35:54
1280,0,95,14:35:56
1281,91,0,14:35:59
1282,90,0,14:36:05
1283,0,95,14:36:07
1284,91,0,14:36:10
1285,0,95,14:36:12
1286,91,0,14:36:16
1287,0,95,14:36:18
1288,91,0,14:36:21
1289,0,95,14:36:23
1290,91,0,14:36:27
1291,0,95,14:36:29
1292,91,0,14:36:32
1293,0,95,14:36:34
1294,92,0,14:36:38
1295,0,95,14:36:40
1296,91,0,14:36:43
1297,0,95,14:36:45
1298,92,0,14:36:49
1299,0,95,14:36:51
1300,92,0,14:36:54
1301,0,95,14:36:56
1302,92,0,14:37:00
1303,0,95,14:37:02
1304,91,0,14:37:05
1305,0,95,14:37:07
1306,91,0,14:37:11
1307,0,95,14:37:13
1308,91,0,14:37:16
1309,0,95,14:37:19
1310,0,95,14:37:24
1311,92,0,14:37:27
1312,0,95,14:37:30
1313,91,0,14:37:33
1314,0,95,14:37:35
1315,92,0,14:37:38
1316,0,95,14:37:41
1317,92,0,14:37:44
1318,0,95,14:37:46
1319,92,0,14:37:49
1320,0,95,14:37:52
1321,92,0,14:37:55
1322,0,95,14:37:57
1323,92,0,14:38:00
1324,0,95,14:38:03
1325,92,0,14:38:06
1326,0,95,14:38:08
1327,92,0,14:38:11
1328,0,95,14:38:14
1329,92,0,14:38:17
1330,0,95,14:38:19
1331,92,0,14:38:22
1332,0,95,14:38:25
1333,92,0,14:38:28
1334,0,95,14:38:30
1335,91,0,14:38:33
1336,0,95,14:38:36
1337,92,0,14:38:39
1338,0,95,14:38:41
1339,92,0,14:38:44
1340,0,95,14:38:47
1341,92,0,14:38:50
1342,0,95,14:38:52
1343,92,0,14:38:55
1344,0,95,14:38:58
1345,92,0,14:39:01
1346,0,95,14:39:03
1347,92,0,14:39:06
1348,0,95,14:39:09
1349,92,0,14:39:12
1350,0,95,14:39:14
1351,92,0,14:39:17
1352,0,95,14:39:20
1353,92,0,14:39:23
1354,0,95,14:39:25
1355,0,95,14:39:31
1356,92,0,14:39:34
1357,0,95,14:39:36
1358,92,0,14:39:39
1359,0,95,14:39:42
1360,92,0,14:39:45
1361,0,95,14:39:47
1362,92,0,14:39:50
1363,0,95,14:39:53
1364,93,0,14:39:56
1365,0,95,14:39:58
1366,93,0,14:40:01
1367,0,95,14:40:04
1368,93,0,14:40:07
1369,0,95,14:40:09
1370,93,0,14:40:12
1371,0,95,14:40:15
1372,93,0,14:40:18
1373,0,95,14:40:20
1374,93,0,14:40:23
1375,0,95,14:40:26
1376,93,0,14:40:29
1377,0,95,14:40:31
1378,93,0,14:40:34
1379,0,95,14:40:37
1380,93,0,14:40:40
1381,0,95,14:40:42
1382,93,0,14:40:45
1383,0,95,14:40:48
1384,93,0,14:40:51
1385,0,95,14:40:53
1386,93,0,14:40:56
1387,0,95,14:40:59
1388,93,0,14:41:02
1389,0,95,14:41:05
1390,93,0,14:41:07
1391,0,95,14:41:10
1392,93,0,14:41:13
1393,0,95,14:41:16
1394,93,0,14:41:18
1395,0,95,14:41:21
1396,93,0,14:41:24
1397,0,95,14:41:27
1398,94,0,14:41:29
1399,0,95,14:41:32
1400,93,0,14:41:35
1401,0,95,14:41:38
1402,93,0,14:41:40
1403,0,95,14:41:43
1404,93,0,14:41:46
1405,0,95,14:41:49
1406,93,0,14:41:51
1407,0,95,14:41:54
1408,93,0,14:41:57
1409,0,95,14:42:00
1410,94,0,14:42:02
1411,0,95,14:42:05
1412,94,0,14:42:08
1413,0,95,14:42:11
1414,94,0,14:42:13
1415,0,95,14:42:16
1416,94,0,14:42:19
1417,0,94,14:42:22
1418,94,0,14:42:24
1419,0,95,14:42:27
1420,94,0,14:42:30
1421,0,95,14:42:33
1422,94,0,14:42:35
1423,0,95,14:42:38
1424,94,0,14:42:41
1425,0,95,14:42:44
1426,94,0,14:42:46
1427,0,95,14:42:49
1428,94,0,14:42:52
1429,0,95,14:42:55
1430,94,0,14:42:57
1431,0,95,14:43:00
1432,94,0,14:43:03
1433,0,95,14:43:06
1434,94,0,14:43:08
1435,0,95,14:43:11
1436,94,0,14:43:14
1437,0,95,14:43:17
1438,94,0,14:43:19
1439,0,95,14:43:22
1440,94,0,14:43:25
1441,0,95,14:43:28
1442,94,0,14:43:30
1443,0,95,14:43:33
1444,95,0,14:43:36
1445,0,95,14:43:39
1446,94,0,14:43:41
1447,0,95,14:43:44
1448,94,0,14:43:47
1449,0,95,14:43:50
1450,95,0,14:43:52
1451,0,95,14:43:55
1452,95,0,14:43:58
1453,0,95,14:44:01
1454,94,0,14:44:03
1455,0,95,14:44:06
1456,95,0,14:44:09
1457,0,95,14:44:12
1458,95,0,14:44:14
1459,0,95,14:44:17
1460,95,0,14:44:20
1461,0,95,14:44:23
1462,95,0,14:44:25
1463,0,95,14:44:28
1464,95,0,14:44:31
1465,0,95,14:44:34
1466,95,0,14:44:36
1467,0,95,14:44:40
1468,95,0,14:44:42
1469,0,95,14:44:45
1470,96,0,14:44:47
1471,0,95,14:44:51
1472,95,0,14:44:53
1473,0,95,14:44:56
1474,95,0,14:44:58
1475,0,95,14:45:02
1476,95,0,14:45:04
1477,0,95,14:45:07
1478,95,0,14:45:09
1479,0,95,14:45:13
1480,95,0,14:45:15
1481,0,96,14:45:18
1482,95,0,14:45:20
1483,0,95,14:45:24
1484,95,0,14:45:26
1485,0,95,14:45:29
1486,95,0,14:45:31
1487,0,95,14:45:35
1488,95,0,14:45:37
1489,0,95,14:45:40
1490,96,0,14:45:42
1491,0,95,14:45:46
1492,96,0,14:45:48
1493,0,95,14:45:51
1494,96,0,14:45:53
1495,0,95,14:45:57
1496,95,0,14:45:59
1497,0,96,14:46:02
1498,96,0,14:46:04
1499,0,95,14:46:08
1500,96,0,14:46:10
1501,0,95,14:46:13
1502,96,0,14:46:15
1503,0,95,14:46:19
1504,96,0,14:46:21
1505,0,95,14:46:24
1506,96,0,14:46:26
1507,0,95,14:46:30
1508,96,0,14:46:32
1509,0,95,14:46:35
1510,96,0,14:46:37
1511,0,95,14:46:41
1512,96,0,14:46:43
1513,0,95,14:46:46
1514,96,0,14:46:48
1515,0,95,14:46:52
1516,96,0,14:46:54
1517,0,95,14:46:57
1518,96,0,14:46:59
1519,0,95,14:47:03
1520,96,0,14:47:05
1521,0,95,14:47:08
1522,96,0,14:47:10
1523,0,95,14:47:14
1524,96,0,14:47:16
1525,0,95,14:47:19
1526,96,0,14:47:21
1527,0,95,14:47:25
1528,96,0,14:47:27
1529,0,95,14:47:30
1530,96,0,14:47:32
1531,0,95,14:47:36
1532,96,0,14:47:38
1533,0,95,14:47:41
1534,96,0,14:47:43
1535,0,95,14:47:47
1536,97,0,14:47:49
1537,0,95,14:47:52
1538,97,0,14:47:54
1539,0,95,14:47:58
1540,96,0,14:48:00
1541,0,95,14:48:03
1542,97,0,14:48:05
1543,0,95,14:48:09
1544,97,0,14:48:11
1545,0,95,14:48:15
1546,97,0,14:48:16
1547,0,95,14:48:20
1548,97,0,14:48:22
1549,0,95,14:48:26
1550,97,0,14:48:27
1551,0,96,14:48:31
1552,97,0,14:48:33
1553,0,95,14:48:37
1554,97,0,14:48:38
1555,0,95,14:48:42
1556,97,0,14:48:44
1557,0,95,14:48:48
1558,97,0,14:48:49
1559,0,96,14:48:53
1560,97,0,14:48:55
1561,0,96,14:48:59
1562,97,0,14:49:00
1563,0,95,14:49:04
1564,97,0,14:49:06
1565,0,95,14:49:10
1566,97,0,14:49:11
1567,0,96,14:49:15
1568,97,0,14:49:17
1569,0,96,14:49:21
1570,97,0,14:49:22
1571,0,96,14:49:26
1572,98,0,14:49:28
1573,0,96,14:49:32
1574,97,0,14:49:33
1575,0,96,14:49:37
1576,98,0,14:49:39
1577,0,96,14:49:43
1578,98,0,14:49:44
1579,0,96,14:49:48
1580,98,0,14:49:50
1581,0,96,14:49:54
1582,98,0,14:49:55
1583,0,96,14:49:59
1584,98,0,14:50:01
1585,0,96,14:50:05
1586,98,0,14:50:06
1587,0,96,14:50:10
1588,98,0,14:50:12
1589,0,96,14:50:16
1590,98,0,14:50:17
1591,0,96,14:50:21
1592,98,0,14:50:23
1593,0,96,14:50:27
1594,98,0,14:50:28
1595,0,96,14:50:32
1596,98,0,14:50:34
1597,0,96,14:50:38
1598,98,0,14:50:39
1599,0,96,14:50:43
1600,98,0,14:50:45
1601,0,96,14:50:49
1602,98,0,14:50:50
1603,0,96,14:50:54
1604,98,0,14:50:56
1605,0,96,14:51:00
1606,98,0,14:51:01
1607,0,96,14:51:05
1608,99,0,14:51:07
1609,0,96,14:51:11
1610,99,0,14:51:12
1611,0,96,14:51:16
1612,99,0,14:51:18
1613,0,96,14:51:22
1614,99,0,14:51:23
1615,0,96,14:51:27
1616,99,0,14:51:29
1617,0,96,14:51:33
1618,99,0,14:51:34
1619,99,0,14:51:43
1620,0,96,14:51:44
1621,99,0,14:51:45
1622,0,96,14:51:49
1623,99,0,14:51:51
1624,0,96,14:51:55
1625,99,0,14:51:56
1626,0,96,14:52:01
1627,99,0,14:52:02
1628,0,96,14:52:06
1629,96,0,14:52:07
1630,0,96,14:52:12
1631,99,0,14:52:13
1632,0,96,14:52:17
1633,99,0,14:52:18
1634,0,96,14:52:23
1635,99,0,14:52:24
1636,0,96,14:52:28
1637,99,0,14:52:29
1638,0,96,14:52:34
1639,99,0,14:52:35
1640,0,96,14:52:39
1641,99,0,14:52:40
1642,0,96,14:52:45
1643,99,0,14:52:46
1644,0,96,14:52:50
1645,99,0,14:52:51
1646,0,96,14:52:56
1647,99,0,14:52:57
1648,0,96,14:53:01
1649,100,0,14:53:02
1650,0,96,14:53:07
1651,100,0,14:53:08
1652,0,96,14:53:12
1653,100,0,14:53:13
1654,0,96,14:53:18
1655,100,0,14:53:19
1656,0,96,14:53:23
1657,100,0,14:53:24
1658,0,96,14:53:29
1659,100,0,14:53:30
1660,0,96,14:53:34
1661,100,0,14:53:35
1662,0,96,14:53:40
1663,100,0,14:53:41
1664,0,96,14:53:45
1665,100,0,14:53:46
1666,0,96,14:53:51
1667,100,0,14:53:52
1668,0,96,14:53:56
1669,100,0,14:53:57
1670,0,96,14:54:02
1671,100,0,14:54:03
1672,0,96,14:54:07
1673,100,0,14:54:08
1674,0,96,14:54:13
1675,100,96,14:54:19
1676,0,96,14:54:24
1677,100,0,14:54:25
1678,0,96,14:54:29
1679,100,0,14:54:30
1680,0,96,14:54:35
1681,100,0,14:54:36
1682,0,96,14:54:40
1683,100,0,14:54:41
1684,0,96,14:54:46
1685,100,0,14:54:47
1686,0,96,14:54:51
1687,100,0,14:54:52
1688,0,96,14:54:57
1689,100,0,14:54:58
1690,0,96,14:55:02
1691,101,0,14:55:03
1692,0,96,14:55:08
1693,101,0,14:55:09
1694,0,96,14:55:13
1695,101,0,14:55:14
1696,0,96,14:55:19
1697,101,0,14:55:20
1698,0,96,14:55:24
1699,101,0,14:55:25
1700,0,96,14:55:30
1701,101,0,14:55:31
1702,0,96,14:55:36
1703,0,96,14:55:41
1704,0,96,14:55:47
1705,0,96,14:55:52
1706,0,96,14:55:58
1707,0,96,14:56:03
1708,0,96,14:56:09
1709,0,96,14:56:14
1710,0,97,14:56:20
1711,0,96,14:56:25
1712,0,96,14:56:31
1713,0,97,14:56:36
1714,0,97,14:56:42
1715,0,97,14:56:47
1716,0,97,14:56:53
1717,0,97,14:56:58
1718,0,97,14:57:04
1719,0,97,14:57:09
1720,0,97,14:57:15
1721,0,97,14:57:20
1722,0,97,14:57:26
1723,0,97,14:57:31
1724,0,97,14:57:37
1725,0,97,14:57:42
1726,0,97,14:57:48
1727,0,97,14:57:53
1728,0,97,14:57:59
1729,0,97,14:58:04
1730,0,97,14:58:10
1731,0,97,14:58:15
1732,0,97,14:58:21
1733,0,97,14:58:26
1734,0,97,14:58:32
1735,0,97,14:58:37
1736,0,97,14:58:43
1737,0,97,14:58:48
1738,0,97,14:58:54
1739,0,97,14:58:59
1740,0,97,14:59:05
1741,0,97,14:59:10
1742,0,97,14:59:16
1743,0,97,14:59:21
1744,0,97,14:59:27
1745,0,97,14:59:32
1746,0,97,14:59:38
1747,0,97,14:59:43
1748,0,98,14:59:49
1749,0,98,14:59:54
1750,0,98,15:00:00
1751,0,98,15:00:05
1752,0,98,15:00:11
1753,0,98,15:00:16
1754,0,98,15:00:22
1755,0,98,15:00:27
1756,0,98,15:00:33
1757,0,98,15:00:38
1758,0,98,15:00:44
1759,0,98,15:00:49
1760,0,98,15:00:55
1761,0,98,15:01:00
1762,0,98,15:01:06
1763,0,98,15:01:09
1764,87,0,15:01:12
1765,0,98,15:01:14
1766,120,0,15:01:17
1767,0,96,15:01:20
1768,160,0,15:01:23
1769,154,0,15:01:31
1770,128,0,15:01:36
1771,113,0,15:01:42
1772,117,0,15:01:47
1773,111,0,15:01:53
1774,108,0,15:01:58
1775,101,0,15:02:04
1776,98,0,15:02:09
1777,95,0,15:02:15
1778,95,0,15:02:20
1779,94,0,15:02:26
1780,93,0,15:02:31
1781,92,0,15:02:37
1782,91,0,15:02:42
1783,90,0,15:02:48
1784,90,0,15:02:53
1785,89,0,15:02:59
1786,88,0,15:03:04
1787,87,0,15:03:10
1788,87,0,15:03:15
1789,86,0,15:03:21
1790,86,0,15:03:26
1791,85,0,15:03:32
1792,85,0,15:03:37
1793,84,0,15:03:43
1794,84,0,15:03:48
1795,83,0,15:03:54
1796,83,0,15:03:59
1797,82,0,15:04:05
1798,82,0,15:04:10
1799,82,0,15:04:16
1800,83,0,15:04:21
1801,82,0,15:04:27
1802,82,0,15:04:32
1803,82,0,15:04:38
1804,82,0,15:04:43
1805,82,0,15:04:49
1806,82,0,15:04:54
1807,82,0,15:05:00
1808,82,0,15:05:05
1809,81,0,15:05:11
1810,81,0,15:05:17
1811,81,0,15:05:22
1812,81,0,15:05:28
1813,81,0,15:05:33
1814,81,0,15:05:39
1815,81,0,15:05:44
1816,81,0,15:05:50
1817,81,0,15:05:55
1818,81,0,15:06:01
1819,81,0,15:06:06
1820,81,0,15:06:12
1821,81,0,15:06:17
1822,81,0,15:06:23
1823,81,0,15:06:28
1824,81,0,15:06:34
1825,82,0,15:06:39
1826,82,0,15:06:45
1827,82,0,15:06:50
1828,82,0,15:06:56
1829,79,0,15:07:01
1830,81,0,15:07:07
1831,81,0,15:07:12
1832,83,0,15:07:18
1833,83,0,15:07:29
1834,83,0,15:07:34
1835,0,86,15:07:35
1836,83,0,15:07:36
1837,0,70,15:07:40
1838,83,0,15:07:41
1839,0,68,15:07:46
1840,83,0,15:07:47
1841,0,66,15:07:51
1842,84,0,15:07:52
1843,0,66,15:07:57
1844,84,0,15:07:58
1845,84,0,15:08:07
1846,0,65,15:08:08
1847,83,0,15:08:09
1848,0,65,15:08:13
1849,83,0,15:08:14
1850,0,64,15:08:19
1851,84,0,15:08:20
1852,0,64,15:08:24
1853,84,0,15:08:25
1854,0,64,15:08:30
1855,83,0,15:08:31
1856,0,64,15:08:35
1857,84,0,15:08:36
1858,0,64,15:08:41
1859,84,0,15:08:42
1860,84,64,15:08:47
1861,0,64,15:08:52
1862,84,0,15:08:53
1863,84,64,15:08:58
1864,0,64,15:09:03
1865,84,0,15:09:04
1866,84,0,15:09:09
1867,0,64,15:09:14
1868,84,0,15:09:15
1869,84,64,15:09:20
1870,0,64,15:09:25
1871,84,0,15:09:26
1872,84,0,15:09:36
1873,84,0,15:09:41
1874,84,64,15:09:42
1875,0,0,15:09:47
1876,84,0,15:09:48
1877,84,0,15:09:53
1878,0,64,15:09:58
1879,84,0,15:09:59
1880,85,64,15:10:04
1881,85,0,15:10:14
1882,85,0,15:10:20
1883,85,0,15:10:25
1884,85,0,15:10:31
1885,85,0,15:10:36
1886,85,0,15:10:42
1887,85,0,15:10:47
1888,85,0,15:10:53
1889,85,0,15:10:58
1890,85,0,15:11:04
1891,85,0,15:11:09
1892,85,0,15:11:15
1893,85,0,15:11:20
1894,85,0,15:11:26
1895,85,0,15:11:31
1896,85,0,15:11:37
1897,85,0,15:11:42
1898,86,0,15:11:48
1899,86,0,15:11:53
1900,86,0,15:12:04
1901,86,0,15:12:10
1902,86,0,15:12:15
1903,86,0,15:12:21
1904,86,0,15:12:26
1905,86,0,15:12:32
1906,86,0,15:12:38
1907,86,0,15:12:43
1908,86,0,15:12:49
1909,86,0,15:12:54
1910,86,0,15:13:00
1911,86,0,15:13:05
1912,86,0,15:13:11
1913,86,0,15:13:16
1914,87,0,15:13:22
1915,87,0,15:13:27
1916,87,0,15:13:33
1917,87,0,15:13:38
1918,87,0,15:13:44
1919,87,0,15:13:49
1920,89,0,15:13:55
1921,95,0,15:14:00
1922,103,0,15:14:06
1923,116,0,15:14:11
1924,130,0,15:14:17
1925,143,0,15:14:22
1926,158,0,15:14:28
1927,172,0,15:14:33
1928,185,0,15:14:39
1929,198,0,15:14:44
1930,210,0,15:14:50
1931,221,0,15:14:55
1932,229,0,15:15:01
1933,236,0,15:15:06
1934,265,0,15:15:28
1935,271,0,15:15:34
1936,290,0,15:15:56
1937,295,0,15:16:01
1938,301,0,15:16:07
1939,315,0,15:16:13
1940,326,0,15:16:18
1941,335,0,15:16:24
1942,343,0,15:16:29
1943,348,0,15:16:35
1944,353,0,15:16:40
1945,358,0,15:16:46
1946,363,0,15:16:51
1947,368,0,15:16:57
1948,389,0,15:18:03
1949,389,0,15:18:08
1950,383,0,15:19:25
1951,379,0,15:19:53
1952,378,0,15:20:04
1953,378,0,15:20:10
1954,377,0,15:20:15
1955,376,0,15:20:21
1956,376,0,15:20:26
1957,375,0,15:20:32
1958,374,0,15:20:37
1959,374,88,15:20:43
1960,373,0,15:20:48
1961,0,91,15:20:49
1962,372,0,15:20:53
1963,0,80,15:20:54
1964,372,0,15:20:56
1965,0,80,15:21:00
1966,371,0,15:21:01
1967,371,0,15:21:10
1968,0,130,15:21:11
1969,371,0,15:21:12
1970,0,138,15:21:16
1971,372,0,15:21:18
1972,0,149,15:21:22
1973,372,0,15:21:23
1974,0,155,15:21:27
1975,373,0,15:21:29
1976,0,157,15:21:33
1977,375,0,15:21:34
1978,0,155,15:21:38
1979,376,0,15:21:40
1980,0,155,15:21:44
1981,376,0,15:21:45
1982,0,155,15:21:49
1983,377,0,15:21:51
1984,0,155,15:21:55
1985,377,0,15:21:56
1986,0,156,15:22:00
1987,377,0,15:22:02
1988,0,156,15:22:06
1989,377,0,15:22:07
1990,0,156,15:22:11
1991,377,0,15:22:13
1992,0,156,15:22:17
1993,377,0,15:22:18
1994,0,156,15:22:22
1995,377,0,15:22:24
1996,0,156,15:22:28
1997,377,0,15:22:29
1998,0,159,15:22:33
1999,377,0,15:22:35
2000,0,160,15:22:39
2001,376,0,15:22:40
2002,376,0,15:22:49
2003,0,160,15:22:50
2004,375,0,15:22:51
2005,376,0,15:23:00
2006,0,159,15:23:01
2007,375,0,15:23:02
2008,0,159,15:23:06
2009,374,0,15:23:08
2010,0,159,15:23:12
2011,374,0,15:23:13
2012,0,159,15:23:18
2013,374,0,15:23:19
2014,0,159,15:23:23
2015,374,0,15:23:24
2016,0,158,15:23:29
2017,373,0,15:23:30
2018,0,158,15:23:34
2019,373,0,15:23:35
2020,0,158,15:23:40
2021,373,0,15:23:41
2022,0,158,15:23:45
2023,372,0,15:23:46
2024,0,158,15:23:51
2025,372,0,15:23:52
2026,0,168,15:23:56
2027,372,0,15:23:57
2028,372,0,15:24:03
2029,371,0,15:24:12
2030,371,0,15:24:18
2031,370,0,15:24:23
2032,369,172,15:24:29
2033,368,0,15:24:30
2034,368,0,15:24:36
2035,367,0,15:24:45
2036,367,0,15:24:51
2037,366,0,15:24:56
2038,365,0,15:25:02
2039,365,0,15:25:07
2040,364,0,15:25:13
2041,364,0,15:25:18
2042,363,0,15:25:24
2043,362,0,15:25:29
2044,362,0,15:25:35
2045,361,0,15:25:40
2046,360,0,15:25:46
2047,360,0,15:25:51
2048,359,0,15:25:57
2049,359,0,15:26:02
2050,359,0,15:26:08
2051,358,0,15:26:13
2052,359,0,15:26:19
2053,359,0,15:26:24
2054,360,0,15:26:30
2055,359,0,15:26:35
2056,359,0,15:26:41
2057,358,0,15:26:46
2058,358,0,15:26:52
2059,359,0,15:26:57
2060,358,0,15:27:03
2061,358,0,15:27:09
2062,357,213,15:27:20
2063,357,0,15:27:21
2064,357,216,15:27:26
2065,0,218,15:27:31
2066,356,0,15:27:32
2067,356,219,15:27:37
2068,0,219,15:27:42
2069,355,0,15:27:43
2070,355,219,15:27:48
2071,0,220,15:27:53
2072,354,0,15:27:54
2073,355,219,15:27:59
2074,0,220,15:28:04
2075,354,0,15:28:05
2076,354,222,15:28:10
2077,0,221,15:28:15
2078,356,0,15:28:16
2079,357,222,15:28:21
2080,0,220,15:28:26
2081,359,0,15:28:27
2082,359,219,15:28:32
2083,0,217,15:28:37
2084,360,0,15:28:38
2085,359,216,15:28:43
2086,0,215,15:28:48
2087,361,0,15:28:49
2088,362,215,15:28:54
2089,0,214,15:28:59
2090,362,0,15:29:00
2091,362,0,15:29:10
2092,361,0,15:29:15
2093,360,0,15:29:21
2094,360,0,15:29:26
2095,360,0,15:29:32
2096,360,0,15:29:37
2097,359,0,15:29:43
2098,358,0,15:29:48
2099,358,0,15:29:54
2100,358,0,15:29:59
2101,357,0,15:30:05
2102,357,0,15:30:10
2103,356,0,15:30:16
2104,356,0,15:30:21
2105,356,0,15:30:27
2106,355,0,15:30:32
2107,355,0,15:30:38
2108,354,0,15:30:44
2109,353,0,15:30:49
2110,354,0,15:30:55
2111,354,0,15:31:00
2112,353,0,15:31:06
2113,353,0,15:31:11
2114,353,0,15:31:17
2115,352,0,15:31:22
2116,352,0,15:31:28
2117,352,0,15:31:33
2118,353,0,15:31:39
2119,352,0,15:31:44
2120,352,0,15:31:50
2121,352,0,15:31:55
2122,352,107,15:31:56
2123,0,99,15:32:01
2124,352,0,15:32:02
2125,351,0,15:32:12
2126,351,0,15:32:13
2127,351,87,15:32:18
2128,0,96,15:32:23
2129,350,0,15:32:24
2130,350,136,15:32:29
2131,350,0,15:32:39
2132,350,0,15:32:45
2133,351,0,15:32:50
2134,351,0,15:32:56
2135,352,0,15:33:01
2136,352,0,15:33:07
2137,352,0,15:33:12
2138,351,0,15:33:18
2139,351,0,15:33:23
2140,350,0,15:33:29
2141,0,104,15:33:57
2142,348,0,15:33:59
2143,0,111,15:34:02
2144,348,0,15:34:04
2145,0,121,15:34:08
2146,347,0,15:34:10
2147,347,0,15:34:19
2148,347,0,15:34:24
2149,347,0,15:34:30
2150,347,0,15:34:35
2151,0,128,15:34:36
2152,346,0,15:34:37
2153,0,129,15:34:41
2154,347,0,15:34:43
2155,0,132,15:34:47
2156,347,0,15:34:48
2157,0,114,15:34:52
2158,346,0,15:34:54
2159,0,103,15:34:58
2160,346,0,15:34:59
2161,0,102,15:35:03
2162,346,0,15:35:05
2163,0,100,15:35:09
2164,346,0,15:35:10
2165,0,101,15:35:14
2166,346,0,15:35:16
2167,0,101,15:35:20
2168,346,0,15:35:21
2169,0,101,15:35:25
2170,346,0,15:35:27
2171,0,100,15:35:31
2172,346,0,15:35:32
2173,0,100,15:35:36
2174,346,0,15:35:38
2175,0,100,15:35:42
2176,346,0,15:35:43
2177,345,0,15:35:49
2178,0,100,15:35:53
2179,346,0,15:35:54
2180,0,100,15:35:58
2181,346,0,15:36:00
2182,0,100,15:36:04
2183,347,0,15:36:05
2184,0,100,15:36:09
2185,347,0,15:36:11
2186,0,101,15:36:15
2187,348,0,15:36:16
2188,0,102,15:36:20
2189,348,0,15:36:22
2190,0,103,15:36:26
2191,349,0,15:36:27
2192,0,104,15:36:31
2193,349,0,15:36:33
2194,0,106,15:36:37
2195,349,0,15:36:38
2196,0,107,15:36:42
2197,351,0,15:36:44
2198,0,107,15:36:48
2199,352,0,15:36:49
2200,0,107,15:36:53
2201,353,0,15:36:55
2202,0,108,15:36:59
2203,355,0,15:37:00
2204,0,108,15:37:04
2205,354,0,15:37:06
2206,0,108,15:37:10
2207,354,0,15:37:11
2208,0,109,15:37:15
2209,353,0,15:37:17
2210,0,111,15:37:21
2211,352,0,15:37:22
2212,352,0,15:37:28
2213,0,114,15:37:32
2214,351,0,15:37:33
2215,0,115,15:37:37
2216,351,0,15:37:39
2217,350,117,15:37:48
2218,350,0,15:37:50
2219,350,119,15:37:59
2220,350,0,15:38:01
2221,0,120,15:38:05
2222,349,0,15:38:06
2223,0,121,15:38:11
2224,349,0,15:38:12
2225,0,122,15:38:16
2226,349,0,15:38:17
2227,0,123,15:38:22
2228,349,0,15:38:23
2229,0,124,15:38:27
2230,348,0,15:38:28
2231,0,125,15:38:33
2232,348,0,15:38:34
2233,348,0,15:38:43
2234,348,128,15:38:49
2235,348,0,15:38:50
2236,0,129,15:38:55
2237,348,0,15:38:56
2238,0,130,15:39:00
2239,348,0,15:39:01
2240,0,128,15:39:06
2241,347,0,15:39:07
2242,0,131,15:39:11
2243,347,0,15:39:12
2244,0,131,15:39:17
2245,347,0,15:39:18
2246,0,132,15:39:22
2247,347,0,15:39:23
2248,0,132,15:39:28
2249,347,0,15:39:29
2250,0,5,15:39:33
2251,347,0,15:39:34
2252,0,133,15:39:39
2253,347,0,15:39:40
2254,0,134,15:39:44
2255,347,0,15:39:45
2256,0,134,15:39:50
2257,346,0,15:39:51
2258,0,134,15:39:55
2259,347,0,15:39:56
2260,0,135,15:40:01
2261,347,0,15:40:02
2262,0,135,15:40:06
2263,347,0,15:40:07
2264,0,136,15:40:12
2265,347,0,15:40:13
2266,347,0,15:40:22
2267,347,0,15:40:24
2268,347,0,15:40:33
2269,0,136,15:40:34
2270,347,0,15:40:35
2271,347,0,15:40:40
2272,347,128,15:40:50
2273,348,0,15:40:51
2274,348,0,15:40:57
2275,348,0,15:41:06
2276,348,0,15:41:08
2277,348,0,15:41:17
2278,348,0,15:41:19
2279,349,0,15:41:24
2280,349,0,15:41:34
2281,349,0,15:41:35
2282,349,0,15:41:46
2283,350,0,15:41:56
2284,350,0,15:42:02
2285,350,0,15:42:03
2286,351,0,15:42:13
2287,350,0,15:42:18
2288,350,0,15:42:24
2289,350,0,15:42:29
2290,351,143,15:42:30
2291,0,144,15:42:35
2292,351,0,15:42:36
2293,352,145,15:42:46
2294,352,0,15:42:47
2295,352,146,15:42:52
2296,0,147,15:42:57
2297,352,0,15:42:58
2298,352,148,15:43:03
2299,0,150,15:43:08
2300,352,0,15:43:09
2301,352,151,15:43:14
2302,352,0,15:43:24
2303,353,0,15:43:30
2304,354,0,15:43:35
2305,354,0,15:43:41
2306,354,0,15:43:46
2307,354,0,15:43:57
2308,355,0,15:44:03
2309,355,0,15:44:08
2310,355,0,15:44:14
2311,355,0,15:44:19
2312,356,0,15:44:25
2313,357,0,15:44:30
2314,357,0,15:44:36
2315,358,0,15:44:41
2316,358,0,15:44:47
2317,360,0,15:44:52
2318,360,0,15:44:58
2319,361,0,15:45:03
2320,361,0,15:45:09
2321,361,0,15:45:14
2322,362,0,15:45:20
2323,362,0,15:45:25
2324,362,0,15:45:31
2325,362,0,15:45:37
2326,362,0,15:45:42
2327,362,0,15:45:48
2328,362,0,15:45:53
2329,363,0,15:45:59
2330,363,0,15:46:04
2331,363,0,15:46:10
2332,363,0,15:46:15
2333,362,0,15:46:21
2334,363,0,15:46:26
2335,363,0,15:46:32
2336,363,0,15:46:37
2337,363,0,15:46:43
2338,364,0,15:46:48
2339,365,0,15:46:54
2340,365,0,15:46:59
2341,366,0,15:47:05
2342,367,0,15:47:10
2343,367,0,15:47:16
2344,368,0,15:47:21
2345,369,0,15:47:27
2346,369,0,15:47:32
2347,369,0,15:47:38
2348,370,0,15:47:43
2349,370,0,15:47:49
2350,372,0,15:47:54
2351,372,0,15:48:00
2352,116,0,15:48:05
2353,373,0,15:48:11
2354,374,0,15:48:16
2355,374,0,15:48:22
2356,375,0,15:48:27
2357,393,0,15:51:02
2358,393,0,15:51:07
2359,393,0,15:51:13
2360,394,289,15:51:18
2361,395,290,15:51:24
2362,395,292,15:51:29
2363,395,293,15:51:35
2364,396,0,15:51:40
2365,0,296,15:51:41
2366,396,297,15:51:46
2367,397,0,15:51:51
2368,0,298,15:51:52
2369,398,299,15:51:57
2370,398,0,15:52:02
2371,0,301,15:52:03
2372,398,302,15:52:08
2373,398,0,15:52:13
2374,0,303,15:52:14
2375,400,304,15:52:19
2376,400,0,15:52:24
2377,0,305,15:52:25
2378,401,307,15:52:30
2379,401,0,15:52:35
2380,0,307,15:52:36
2381,402,309,15:52:41
2382,402,0,15:52:46
2383,0,310,15:52:47
2384,402,0,15:52:52
2385,0,311,15:52:53
2386,403,0,15:52:57
2387,0,312,15:52:58
2388,403,0,15:53:03
2389,0,313,15:53:04
2390,403,0,15:53:08
2391,0,314,15:53:09
2392,404,0,15:53:14
2393,0,315,15:53:15
2394,406,0,15:53:19
2395,0,316,15:53:20
2396,405,0,15:53:25
2397,0,316,15:53:26
2398,405,0,15:53:30
2399,0,317,15:53:31
2400,406,0,15:53:36
2401,0,318,15:53:37
2402,407,0,15:53:41
2403,0,319,15:53:42
2404,407,0,15:53:47
2405,0,320,15:53:48
2406,408,0,15:53:52
2407,0,321,15:53:53
2408,408,0,15:53:58
2409,0,322,15:53:59
2410,409,0,15:54:03
2411,0,323,15:54:04
2412,410,0,15:54:09
2413,0,324,15:54:10
2414,411,0,15:54:14
2415,0,324,15:54:15
2416,411,0,15:54:20
2417,0,325,15:54:21
2418,411,0,15:54:25
2419,0,326,15:54:26
2420,412,0,15:54:31
2421,0,327,15:54:32
2422,411,0,15:54:36
2423,0,328,15:54:37
2424,412,0,15:54:42
2425,0,329,15:54:43
2426,413,0,15:54:47
2427,0,329,15:54:48
2428,414,0,15:54:53
2429,0,330,15:54:54
2430,414,0,15:54:58
2431,0,331,15:54:59
2432,413,0,15:55:04
2433,0,331,15:55:05
2434,414,0,15:55:09
2435,0,332,15:55:10
2436,414,0,15:55:15
2437,0,333,15:55:16
2438,414,0,15:55:20
2439,0,334,15:55:21
2440,414,0,15:55:26
2441,0,335,15:55:27
2442,415,0,15:55:31
2443,0,335,15:55:32
2444,415,0,15:55:37
2445,0,336,15:55:38
2446,416,0,15:55:42
2447,0,337,15:55:43
2448,417,0,15:55:48
2449,0,338,15:55:49
2450,417,0,15:55:53
2451,0,338,15:55:54
2452,417,0,15:55:59
2453,0,339,15:56:00
2454,418,0,15:56:04
2455,0,340,15:56:05
2456,418,0,15:56:10
2457,0,340,15:56:11
2458,419,0,15:56:15
2459,0,341,15:56:16
2460,419,0,15:56:21
2461,0,342,15:56:22
2462,419,0,15:56:26
2463,0,342,15:56:28
2464,419,0,15:56:32
2465,0,343,15:56:33
2466,419,0,15:56:37
2467,0,344,15:56:39
2468,422,0,15:56:43
2469,0,344,15:56:44
2470,422,0,15:56:48
2471,0,345,15:56:50
2472,422,0,15:56:54
2473,0,346,15:56:55
2474,422,0,15:56:59
2475,0,346,15:57:01
2476,422,0,15:57:05
2477,0,347,15:57:06
2478,423,0,15:57:10
2479,0,347,15:57:12
2480,423,0,15:57:16
2481,0,348,15:57:17
2482,422,0,15:57:21
2483,0,349,15:57:23
2484,423,0,15:57:27
2485,0,350,15:57:28
2486,423,0,15:57:32
2487,0,351,15:57:34
2488,423,0,15:57:38
2489,0,352,15:57:39
2490,424,0,15:57:43
2491,0,354,15:57:45
2492,424,0,15:57:49
2493,0,355,15:57:50
2494,424,0,15:57:54
2495,0,357,15:57:56
2496,424,0,15:58:00
2497,0,359,15:58:01
2498,425,0,15:58:05
2499,0,361,15:58:07
2500,425,0,15:58:11
2501,0,363,15:58:12
2502,426,0,15:58:16
2503,0,365,15:58:18
2504,427,0,15:58:22
2505,0,367,15:58:23
2506,428,0,15:58:27
2507,0,368,15:58:29
2508,428,0,15:58:33
2509,0,370,15:58:34
2510,428,0,15:58:38
2511,0,372,15:58:40
2512,428,0,15:58:44
2513,0,374,15:58:45
2514,428,0,15:58:49
2515,429,0,15:58:55
2516,0,377,15:58:56
2517,429,0,15:59:00
2518,0,379,15:59:02
2519,429,0,15:59:06
2520,0,381,15:59:07
2521,431,0,15:59:11
2522,0,383,15:59:13
2523,432,0,15:59:17
2524,0,384,15:59:18
2525,432,0,15:59:22
2526,0,386,15:59:24
2527,433,0,15:59:28
2528,0,388,15:59:29
2529,432,0,15:59:33
2530,0,389,15:59:35
2531,434,0,15:59:39
2532,0,391,15:59:40
2533,434,0,15:59:44
2534,0,392,15:59:46
2535,435,0,15:59:50
2536,0,394,15:59:51
2537,436,0,15:59:55
2538,0,395,15:59:57
2539,436,0,16:00:01
2540,0,397,16:00:02
2541,436,0,16:00:06
2542,0,398,16:00:08
2543,437,0,16:00:12
2544,0,400,16:00:14
2545,437,0,16:00:17
2546,0,401,16:00:19
2547,437,0,16:00:23
2548,0,402,16:00:25
2549,437,0,16:00:28
2550,0,404,16:00:30
2551,439,0,16:00:34
2552,0,405,16:00:36
2553,440,0,16:00:39
2554,0,406,16:00:41
2555,441,0,16:00:45
2556,0,407,16:00:47
2557,441,0,16:00:50
2558,0,409,16:00:52
2559,441,0,16:00:56
2560,0,410,16:00:58
2561,441,0,16:01:01
2562,0,411,16:01:03
2563,443,0,16:01:07
2564,0,412,16:01:09
2565,443,0,16:01:12
2566,0,413,16:01:14
2567,443,0,16:01:18
2568,0,414,16:01:20
2569,443,0,16:01:23
2570,0,416,16:01:25
2571,444,0,16:01:29
2572,0,416,16:01:31
2573,445,0,16:01:34
2574,0,417,16:01:36
2575,446,0,16:01:40
2576,0,418,16:01:42
2577,446,0,16:01:45
2578,0,419,16:01:47
2579,447,0,16:01:51
2580,0,420,16:01:53
2581,448,0,16:01:56
2582,0,421,16:01:58
2583,448,0,16:02:02
2584,0,422,16:02:04
2585,450,0,16:02:07
2586,0,423,16:02:09
2587,450,0,16:02:13
2588,0,424,16:02:15
2589,451,0,16:02:18
2590,0,425,16:02:20
2591,452,0,16:02:24
2592,0,426,16:02:26
2593,452,0,16:02:29
2594,0,427,16:02:31
2595,453,0,16:02:35
2596,0,427,16:02:37
2597,455,0,16:02:40
2598,0,428,16:02:42
2599,456,0,16:02:46
2600,0,429,16:02:48
2601,458,0,16:02:51
2602,0,430,16:02:53
2603,458,0,16:02:57
2604,0,431,16:02:59
2605,459,0,16:03:03
2606,0,432,16:03:04
2607,460,0,16:03:08
2608,0,432,16:03:10
2609,462,0,16:03:14
2610,0,433,16:03:15
2611,462,0,16:03:19
2612,0,434,16:03:21
2613,463,0,16:03:24
2614,0,435,16:03:26
2615,463,0,16:03:30
2616,0,436,16:03:32
2617,464,0,16:03:36
2618,0,436,16:03:37
2619,465,0,16:03:41
2620,0,437,16:03:43
2621,467,0,16:03:47
2622,0,438,16:03:48
2623,467,0,16:03:52
2624,0,439,16:03:54
2625,468,0,16:03:58
2626,0,439,16:04:00
2627,468,0,16:04:03
2628,0,440,16:04:05
2629,469,0,16:04:09
2630,0,441,16:04:11
2631,471,0,16:04:14
2632,0,442,16:04:16
2633,472,0,16:04:20
2634,0,442,16:04:22
2635,474,0,16:04:25
2636,0,443,16:04:27
2637,476,0,16:04:31
2638,0,444,16:04:33
2639,476,0,16:04:36
2640,0,444,16:04:38
2641,477,0,16:04:42
2642,0,445,16:04:44
2643,477,0,16:04:47
2644,0,446,16:04:49
2645,478,0,16:04:53
2646,0,447,16:04:55
2647,481,0,16:04:58
2648,0,447,16:05:00
2649,482,0,16:05:04
2650,0,448,16:05:06
2651,482,0,16:05:09
2652,0,449,16:05:11
2653,482,0,16:05:15
2654,0,449,16:05:17
2655,483,0,16:05:20
2656,0,450,16:05:22
2657,484,0,16:05:26
2658,0,450,16:05:28
2659,485,0,16:05:31
2660,0,450,16:05:33
2661,486,0,16:05:37
2662,0,450,16:05:39
2663,487,0,16:05:42
2664,0,449,16:05:44
2665,489,0,16:05:48
2666,0,447,16:05:50
2667,489,0,16:05:53
2668,0,444,16:05:55
2669,490,0,16:05:59
2670,0,441,16:06:01
2671,490,0,16:06:04
2672,0,438,16:06:06
2673,492,0,16:06:10
2674,0,436,16:06:12
2675,493,0,16:06:15
2676,0,434,16:06:17
2677,493,0,16:06:21
2678,0,431,16:06:23
2679,495,0,16:06:26
2680,0,430,16:06:28
2681,497,0,16:06:32
2682,0,428,16:06:34
2683,498,0,16:06:37
2684,0,427,16:06:39
2685,499,0,16:06:43
2686,0,427,16:06:45
2687,0,426,16:06:50
2688,502,0,16:06:54
2689,0,425,16:06:56
2690,502,0,16:06:59
2691,0,425,16:07:01
2692,503,0,16:07:05
2693,0,424,16:07:07
2694,504,0,16:07:10
2695,0,424,16:07:12
2696,505,0,16:07:16
2697,0,424,16:07:18
2698,507,0,16:07:21
2699,0,424,16:07:23
2700,509,0,16:07:27
2701,0,424,16:07:29
2702,510,0,16:07:32
2703,0,425,16:07:35
2704,511,0,16:07:38
2705,0,426,16:07:40
2706,512,0,16:07:43
2707,0,426,16:07:46
2708,513,0,16:07:49
2709,0,427,16:07:51
2710,515,0,16:07:54
2711,0,428,16:07:57
2712,515,0,16:08:00
2713,0,429,16:08:02
2714,517,0,16:08:05
2715,0,431,16:08:08
2716,518,0,16:08:11
2717,0,432,16:08:13
2718,519,0,16:08:16
2719,0,433,16:08:19
2720,520,0,16:08:22
2721,0,435,16:08:24
2722,521,0,16:08:27
2723,0,436,16:08:30
2724,522,0,16:08:33
2725,0,438,16:08:35
2726,524,0,16:08:38
2727,0,439,16:08:41
2728,525,0,16:08:44
2729,0,441,16:08:46
2730,526,0,16:08:49
2731,0,443,16:08:52
2732,527,0,16:08:55
2733,0,444,16:08:57
2734,528,0,16:09:00
2735,0,446,16:09:03
2736,529,0,16:09:06
2737,0,447,16:09:08
2738,530,0,16:09:11
2739,0,449,16:09:14
2740,532,0,16:09:17
2741,0,451,16:09:19
2742,533,0,16:09:22
2743,0,453,16:09:25
2744,534,0,16:09:28
2745,0,455,16:09:30
2746,536,0,16:09:33
2747,0,457,16:09:36
2748,538,0,16:09:39
2749,0,459,16:09:41
2750,539,0,16:09:44
2751,0,460,16:09:47
2752,540,0,16:09:50
2753,0,462,16:09:52
2754,541,0,16:09:55
2755,0,465,16:09:58
2756,542,0,16:10:01
2757,0,467,16:10:03
2758,544,0,16:10:06
2759,0,469,16:10:09
2760,545,0,16:10:12
2761,0,471,16:10:14
2762,546,0,16:10:17
2763,0,473,16:10:20
2764,549,0,16:10:23
2765,0,476,16:10:25
2766,552,0,16:10:28
2767,0,478,16:10:31
2768,554,0,16:10:34
2769,0,480,16:10:36
2770,556,0,16:10:39
2771,0,482,16:10:42
2772,557,0,16:10:45
2773,0,485,16:10:47
2774,558,0,16:10:50
2775,0,487,16:10:53
2776,560,0,16:10:56
2777,0,489,16:10:58
2778,562,0,16:11:01
2779,0,491,16:11:04
2780,564,0,16:11:07
2781,0,494,16:11:09
2782,566,0,16:11:12
2783,0,496,16:11:15
2784,568,0,16:11:18
2785,0,499,16:11:21
2786,570,0,16:11:23
2787,0,502,16:11:26
2788,571,0,16:11:29
2789,0,504,16:11:32
2790,573,0,16:11:34
2791,0,507,16:11:37
2792,575,0,16:11:40
2793,0,509,16:11:43
2794,577,0,16:11:45
2795,0,512,16:11:48
2796,578,0,16:11:51
2797,0,515,16:11:54
2798,580,0,16:11:56
2799,0,517,16:11:59
2800,582,0,16:12:02
2801,0,520,16:12:05
2802,584,0,16:12:07
2803,0,522,16:12:10
2804,586,0,16:12:13
2805,0,525,16:12:16
2806,588,0,16:12:18
2807,0,527,16:12:21
2808,590,0,16:12:24
2809,0,530,16:12:27
2810,592,0,16:12:29
2811,0,532,16:12:32
2812,593,0,16:12:35
2813,0,534,16:12:38
2814,594,0,16:12:40
2815,0,537,16:12:43
2816,596,0,16:12:46
2817,0,539,16:12:49
2818,598,0,16:12:51
2819,0,542,16:12:54
2820,599,0,16:12:57
2821,0,544,16:13:00
2822,600,0,16:13:02
2823,0,546,16:13:05
2824,602,0,16:13:08
2825,0,549,16:13:11
2826,604,0,16:13:13
2827,0,551,16:13:16
2828,605,0,16:13:19
2829,0,553,16:13:22
2830,607,0,16:13:24
2831,0,555,16:13:27
2832,608,0,16:13:30
2833,0,558,16:13:33
2834,610,0,16:13:35
2835,0,560,16:13:38
2836,611,0,16:13:41
2837,0,562,16:13:44
2838,613,0,16:13:46
2839,0,564,16:13:49
2840,614,0,16:13:52
2841,0,566,16:13:55
2842,615,0,16:13:57
2843,0,568,16:14:00
2844,616,0,16:14:03
2845,0,570,16:14:06
2846,618,0,16:14:08
2847,619,0,16:14:14
2848,0,574,16:14:17
2849,620,0,16:14:19
2850,0,576,16:14:22
2851,622,0,16:14:25
2852,0,578,16:14:28
2853,623,0,16:14:30
2854,0,580,16:14:33
2855,624,0,16:14:36
2856,0,582,16:14:39
2857,625,0,16:14:41
2858,0,584,16:14:44
2859,626,0,16:14:47
2860,0,586,16:14:50
2861,627,0,16:14:52
2862,0,588,16:14:56
2863,628,0,16:14:58
2864,0,590,16:15:01
2865,630,0,16:15:03
2866,0,592,16:15:07
2867,631,0,16:15:09
2868,0,594,16:15:12
2869,632,0,16:15:14
2870,0,596,16:15:18
2871,633,0,16:15:20
2872,0,598,16:15:23
2873,634,0,16:15:25
2874,0,600,16:15:29
2875,636,0,16:15:31
2876,0,602,16:15:34
2877,637,0,16:15:36
2878,0,604,16:15:40
2879,638,0,16:15:42
2880,0,606,16:15:45
2881,640,0,16:15:47
2882,0,608,16:15:51
2883,640,0,16:15:53
2884,0,610,16:15:56
2885,641,0,16:15:58
2886,0,612,16:16:02
2887,643,0,16:16:04
2888,0,614,16:16:07
2889,644,0,16:16:09
2890,0,616,16:16:13
2891,645,0,16:16:15
2892,0,617,16:16:18
2893,646,0,16:16:20
2894,0,619,16:16:24
2895,647,0,16:16:26
2896,0,621,16:16:29
2897,649,0,16:16:31
2898,0,623,16:16:35
2899,650,0,16:16:37
2900,0,624,16:16:40
2901,651,0,16:16:42
2902,0,626,16:16:46
2903,653,0,16:16:48
2904,0,627,16:16:51
2905,654,0,16:16:53
2906,0,629,16:16:57
2907,656,0,16:16:59
2908,0,631,16:17:02
2909,0,632,16:17:08
2910,659,0,16:17:10
2911,0,634,16:17:13
2912,660,0,16:17:15
2913,0,635,16:17:19
2914,661,0,16:17:21
2915,0,637,16:17:24
2916,663,0,16:17:26
2917,0,638,16:17:30
2918,664,0,16:17:32
2919,0,640,16:17:35
2920,665,0,16:17:37
2921,0,641,16:17:41
2922,667,0,16:17:43
2923,0,642,16:17:46
2924,668,0,16:17:48
2925,0,643,16:17:52
2926,669,0,16:17:54
2927,0,644,16:17:57
2928,671,0,16:17:59
2929,0,646,16:18:03
2930,673,0,16:18:05
2931,0,647,16:18:08
2932,674,0,16:18:10
2933,0,648,16:18:14
2934,675,0,16:18:16
2935,0,650,16:18:19
2936,677,0,16:18:21
2937,0,651,16:18:25
2938,678,0,16:18:27
2939,0,652,16:18:30
2940,679,0,16:18:32
2941,0,653,16:18:36
2942,681,0,16:18:38
2943,0,654,16:18:42
2944,682,0,16:18:43
2945,0,655,16:18:47
2946,684,0,16:18:49
2947,0,656,16:18:53
2948,685,0,16:18:54
2949,0,657,16:18:58
2950,686,0,16:19:00
2951,0,658,16:19:04
2952,688,0,16:19:05
2953,0,660,16:19:09
2954,689,0,16:19:11
2955,0,661,16:19:15
2956,690,0,16:19:16
2957,0,662,16:19:20
2958,692,0,16:19:22
2959,0,663,16:19:26
2960,693,0,16:19:27
2961,0,664,16:19:31
2962,694,0,16:19:33
2963,0,665,16:19:37
2964,695,0,16:19:38
2965,0,666,16:19:42
2966,697,0,16:19:44
2967,0,667,16:19:48
2968,698,0,16:19:49
2969,0,668,16:19:53
2970,698,0,16:19:55
2971,0,669,16:19:59
2972,699,0,16:20:00
2973,0,670,16:20:04
2974,700,0,16:20:06
2975,0,671,16:20:10
2976,702,0,16:20:11
2977,0,672,16:20:15
2978,703,0,16:20:17
2979,0,673,16:20:21
2980,703,0,16:20:22
2981,0,674,16:20:26
2982,704,0,16:20:28
2983,0,675,16:20:32
2984,705,0,16:20:33
2985,0,675,16:20:37
2986,706,0,16:20:39
2987,0,676,16:20:43
2988,707,0,16:20:44
2989,0,677,16:20:48
2990,708,0,16:20:50
2991,0,678,16:20:54
2992,709,0,16:20:55
2993,0,679,16:20:59
2994,710,0,16:21:01
2995,0,680,16:21:05
2996,711,0,16:21:06
2997,0,681,16:21:10
2998,711,0,16:21:12
2999,0,682,16:21:16
3000,712,0,16:21:17
3001,0,682,16:21:21
3002,713,0,16:21:23
3003,0,683,16:21:27
3004,714,0,16:21:28
3005,0,684,16:21:32
3006,715,0,16:21:34
3007,0,685,16:21:38
3008,715,0,16:21:39
3009,0,686,16:21:43
3010,716,0,16:21:45
3011,0,686,16:21:49
3012,717,0,16:21:50
3013,0,687,16:21:54
3014,717,0,16:21:56
3015,0,688,16:22:00
3016,718,0,16:22:01
3017,0,689,16:22:05
3018,719,0,16:22:07
3019,0,690,16:22:11
3020,720,0,16:22:12
3021,0,690,16:22:17
3022,720,0,16:22:18
3023,0,691,16:22:22
3024,721,0,16:22:23
3025,0,692,16:22:28
3026,721,0,16:22:29
3027,0,693,16:22:33
3028,722,0,16:22:34
3029,0,693,16:22:39
3030,723,0,16:22:40
3031,0,694,16:22:44
3032,723,0,16:22:45
3033,0,695,16:22:50
3034,724,0,16:22:51
3035,0,696,16:22:55
3036,724,0,16:22:56
3037,0,696,16:23:01
3038,725,0,16:23:02
3039,0,697,16:23:06
3040,726,0,16:23:07
3041,0,698,16:23:12
3042,726,0,16:23:13
3043,0,698,16:23:17
3044,727,0,16:23:18
3045,0,699,16:23:23
3046,727,0,16:23:24
3047,0,700,16:23:28
3048,727,0,16:23:29
3049,0,700,16:23:34
3050,727,0,16:23:35
3051,0,701,16:23:39
3052,725,0,16:23:40
3053,0,702,16:23:45
3054,707,0,16:23:46
3055,0,702,16:23:50
3056,0,703,16:23:56
3057,0,704,16:24:02
3058,0,704,16:24:07
3059,0,705,16:24:13
3060,0,706,16:24:18
3061,0,706,16:24:24
3062,0,707,16:24:29
3063,0,708,16:24:35
3064,0,708,16:24:40
3065,0,709,16:24:46
3066,0,709,16:24:51
3067,0,711,16:25:02
3068,0,711,16:25:08
3069,0,712,16:25:13
3070,0,713,16:25:19
3071,0,713,16:25:24
3072,0,714,16:25:30
3073,0,715,16:25:35
3074,0,715,16:25:41
3075,0,716,16:25:46
3076,0,716,16:25:52
3077,0,717,16:25:57
3078,0,718,16:26:03
3079,0,718,16:26:08
3080,0,719,16:26:14
3081,0,719,16:26:19
3082,0,720,16:26:25
3083,0,721,16:26:30
3084,0,721,16:26:36
3085,0,722,16:26:41
3086,0,723,16:26:47
3087,0,723,16:26:52
3088,0,724,16:26:58
3089,0,724,16:27:03
3090,0,725,16:27:09
3091,0,726,16:27:14
3092,0,726,16:27:20
3093,0,726,16:27:31
3094,0,726,16:27:36
3095,0,727,16:27:42
3096,0,727,16:27:47
3097,0,727,16:27:51
3098,649,0,16:27:53
3099,0,727,16:27:57
3100,384,0,16:27:59
3101,0,727,16:28:02
3102,0,727,16:28:09
3103,0,727,16:28:15
3104,0,727,16:28:20
3105,0,728,16:28:26
3106,0,729,16:28:31
3107,0,730,16:28:37
3108,0,731,16:28:42
3109,0,733,16:28:48
3110,0,734,16:28:53
3111,0,735,16:28:59
3112,0,737,16:29:04
3113,0,738,16:29:10
3114,0,739,16:29:15
3115,0,740,16:29:21
3116,0,741,16:29:26
3117,0,742,16:29:32
3118,0,744,16:29:37
3119,0,747,16:29:43
3120,0,749,16:29:54
3121,0,750,16:29:59
3122,0,750,16:30:05
3123,0,751,16:30:10
3124,0,752,16:30:16
3125,0,752,16:30:21
3126,0,752,16:30:27
3127,0,753,16:30:32
3128,0,753,16:30:38
3129,0,753,16:30:43
3130,0,754,16:30:54
3131,132,753,16:31:00
3132,0,754,16:31:04
3133,125,0,16:31:06
3134,0,753,16:31:10
3135,202,0,16:31:11
3136,0,753,16:31:15
3137,268,0,16:31:17
3138,0,753,16:31:21
3139,281,0,16:31:22
3140,0,753,16:31:26
3141,284,0,16:31:28
3142,0,753,16:31:32
3143,291,0,16:31:33
3144,0,754,16:31:37
3145,296,0,16:31:39
3146,0,754,16:31:43
3147,298,0,16:31:44
3148,0,755,16:31:48
3149,299,0,16:31:50
3150,0,755,16:31:54
3151,303,0,16:31:55
3152,0,756,16:31:59
3153,306,0,16:32:01
3154,0,756,16:32:05
3155,307,0,16:32:06
3156,0,760,16:32:10
3157,312,0,16:32:12
3158,0,763,16:32:16
3159,323,0,16:32:17
3160,0,765,16:32:21
3161,324,0,16:32:23
3162,0,767,16:32:27
3163,326,0,16:32:28
3164,0,768,16:32:32
3165,329,0,16:32:34
3166,0,771,16:32:38
3167,330,0,16:32:39
3168,0,774,16:32:43
3169,325,0,16:32:45
3170,323,777,16:32:54
3171,324,0,16:32:56
3172,324,0,16:33:05
3173,324,0,16:33:10
3174,321,0,16:33:16
3175,322,0,16:33:21
3176,323,0,16:33:27
3177,317,0,16:33:32
3178,321,0,16:33:34
3179,321,0,16:33:43
3180,322,0,16:33:49
3181,321,0,16:33:54
3182,321,0,16:34:00
3183,321,0,16:34:05
3184,0,781,16:34:06
3185,322,0,16:34:07
3186,0,779,16:34:11
3187,323,0,16:34:13
3188,0,781,16:34:17
3189,324,0,16:34:18
3190,324,0,16:34:24
3191,326,0,16:34:29
3192,327,0,16:34:38
3193,328,0,16:34:44
3194,329,0,16:34:50
3195,331,0,16:34:55
3196,333,0,16:35:01
3197,334,0,16:35:06
3198,336,777,16:35:12
3199,338,0,16:35:13
3200,0,777,16:35:18
3201,340,0,16:35:19
3202,0,775,16:35:23
3203,342,0,16:35:24
3204,0,773,16:35:29
3205,345,0,16:35:30
3206,0,772,16:35:34
3207,347,0,16:35:35
3208,0,772,16:35:40
3209,346,0,16:35:41
3210,0,772,16:35:45
3211,350,0,16:35:46
3212,0,772,16:35:51
3213,352,0,16:35:52
3214,0,772,16:35:56
3215,354,0,16:35:57
3216,0,772,16:36:02
3217,357,0,16:36:03
3218,0,772,16:36:07
3219,359,0,16:36:08
3220,0,772,16:36:13
3221,360,0,16:36:14
3222,0,772,16:36:18
3223,362,0,16:36:19
3224,0,773,16:36:24
3225,365,0,16:36:25
3226,0,773,16:36:29
3227,366,0,16:36:30
3228,0,773,16:36:35
3229,367,0,16:36:36
3230,0,773,16:36:40
3231,370,0,16:36:41
3232,0,773,16:36:46
3233,371,0,16:36:47
3234,0,774,16:36:51
3235,373,0,16:36:52
3236,0,773,16:36:57
3237,375,0,16:36:58
3238,0,773,16:37:02
3239,377,0,16:37:03
3240,0,773,16:37:08
3241,379,0,16:37:09
3242,0,772,16:37:13
3243,381,0,16:37:14
3244,0,772,16:37:19
3245,383,0,16:37:20
3246,0,771,16:37:24
3247,385,0,16:37:25
3248,0,770,16:37:30
3249,220,0,16:42:03
3250,223,0,16:42:10
3251,225,0,16:42:16
3252,231,0,16:42:27
3253,233,0,16:42:33
3254,236,0,16:42:38
3255,239,0,16:42:44
3256,260,0,16:43:16
3257,275,0,16:43:39
3258,279,0,16:43:44
3259,282,0,16:43:50
3260,286,0,16:43:55
3261,290,157,16:44:01
3262,294,0,16:44:06
3263,298,158,16:44:12
3264,302,0,16:44:17
3265,305,168,16:44:23
3266,309,0,16:44:28
3267,0,171,16:44:29
3268,313,174,16:44:34
3269,316,0,16:44:39
3270,0,178,16:44:40
3271,320,186,16:44:45
3272,322,0,16:44:50
3273,0,188,16:44:51
3274,324,193,16:44:56
3275,326,0,16:45:01
3276,0,197,16:45:02
3277,329,200,16:45:07
3278,329,0,16:45:12
3279,0,204,16:45:13
3280,333,208,16:45:18
3281,336,0,16:45:23
3282,0,212,16:45:24
3283,337,0,16:45:29
3284,341,0,16:45:34
3285,0,219,16:45:35
3286,343,222,16:45:40
3287,346,0,16:45:45
3288,0,225,16:45:46
3289,347,0,16:45:51
3290,348,0,16:45:56
3291,0,230,16:45:57
3292,351,233,16:46:02
3293,354,0,16:46:07
3294,355,0,16:46:13
3295,0,239,16:46:14
3296,358,0,16:46:18
3297,0,241,16:46:19
3298,360,0,16:46:24
3299,363,0,16:46:29
3300,0,247,16:46:30
3301,364,0,16:46:35
3302,0,250,16:46:36
3303,367,0,16:46:40
3304,368,0,16:46:46
3305,0,256,16:46:47
3306,371,0,16:46:51
3307,0,258,16:46:52
3308,373,0,16:46:57
3309,0,261,16:46:58
3310,375,0,16:47:02
3311,0,264,16:47:03
3312,377,0,16:47:08
3313,0,266,16:47:09
3314,379,0,16:47:13
3315,382,0,16:47:19
3316,0,272,16:47:20
3317,383,0,16:47:24
3318,0,258,16:47:25
3319,385,0,16:47:30
3320,0,277,16:47:31
3321,386,0,16:47:35
3322,388,0,16:47:41
3323,0,282,16:47:42
3324,391,0,16:47:46
3325,0,28,16:47:47
3326,392,0,16:47:52
3327,0,287,16:47:53
3328,395,0,16:47:57
3329,0,289,16:47:58
3330,395,0,16:48:03
3331,0,292,16:48:04
3332,395,0,16:48:08
3333,0,294,16:48:09
3334,399,0,16:48:14
3335,0,297,16:48:15
3336,402,0,16:48:19
3337,0,300,16:48:20
3338,403,0,16:48:25
3339,405,0,16:48:30
3340,0,49,16:48:31
3341,405,0,16:48:36
3342,407,0,16:48:41
3343,0,48,16:48:42
3344,407,0,16:48:47
3345,0,313,16:48:48
3346,409,0,16:48:52
3347,0,316,16:48:53
3348,410,0,16:48:58
3349,413,0,16:49:03
3350,0,326,16:49:04
3351,415,0,16:49:09
3352,0,326,16:49:10
3353,413,0,16:49:14
3354,0,325,16:49:15
3355,416,0,16:49:20
3356,0,72,16:49:21
3357,416,0,16:49:25
3358,0,330,16:49:26
3359,418,0,16:49:31
3360,417,0,16:49:36
3361,0,336,16:49:37
3362,423,0,16:49:42
3363,0,339,16:49:43
3364,423,0,16:49:47
3365,0,342,16:49:48
3366,423,0,16:49:53
3367,0,345,16:49:54
3368,424,0,16:49:58
3369,0,348,16:49:59
3370,423,0,16:50:04
3371,0,352,16:50:05
3372,425,0,16:50:09
3373,0,355,16:50:11
3374,428,0,16:50:15
3375,0,359,16:50:16
3376,430,0,16:50:20
3377,429,367,16:50:27
3378,432,0,16:50:31
3379,0,371,16:50:33
3380,435,0,16:50:37
3381,434,0,16:50:42
3382,0,268,16:50:44
3383,428,0,16:50:48
3384,431,0,16:50:53
3385,0,128,16:50:55
3386,435,0,16:50:59
3387,0,392,16:51:00
3388,441,0,16:51:04
3389,0,268,16:51:06
3390,440,0,16:51:10
3391,0,420,16:51:11
3392,440,0,16:51:15
3393,440,0,16:51:21
3394,0,434,16:51:22
3395,440,0,16:51:26
3396,0,448,16:51:28
3397,441,0,16:51:32
3398,0,0,16:51:33
3399,443,0,16:51:37
3400,442,0,16:51:43
3401,0,458,16:51:44
3402,440,0,16:51:48
3403,0,416,16:51:50
3404,446,0,16:51:54
3405,443,0,16:52:00
3406,0,464,16:52:01
3407,442,0,16:52:05
3408,0,468,16:52:06
3409,444,0,16:52:10
3410,450,0,16:52:16
3411,450,0,16:52:21
3412,450,0,16:52:27
3413,0,257,16:52:28
3414,449,0,16:52:32
3415,450,260,16:52:39
3416,450,0,16:52:43
3417,0,471,16:52:45
3418,449,0,16:52:49
3419,0,268,16:52:50
3420,447,0,16:52:54
3421,0,225,16:52:56
3422,451,0,16:53:00
3423,450,0,16:53:05
3424,0,256,16:53:07
3425,453,0,16:53:11
3426,0,497,16:53:12
3427,454,0,16:53:16
3428,455,0,16:53:22
3429,455,0,16:53:27
3430,455,0,16:53:33
3431,455,0,16:53:39
3432,455,0,16:53:47
3433,455,0,16:53:56
3434,455,0,16:54:02
3435,456,0,16:54:06
3436,457,0,16:54:13
3437,456,0,16:54:18
3438,459,0,16:54:24
3439,458,0,16:54:29
3440,458,0,16:54:35
3441,460,0,16:54:40
3442,460,0,16:54:46
3443,460,0,16:54:51
3444,459,0,16:54:57
3445,462,0,16:55:02
3446,463,0,16:55:08
3447,470,0,16:55:13
3448,464,0,16:55:19
3449,463,0,16:55:24
3450,466,0,16:55:30
3451,466,0,16:55:35
3452,467,0,16:55:41
3453,467,0,16:55:46
3454,468,0,16:55:52
3455,468,0,16:55:57
3456,466,0,16:56:03
3457,469,0,16:56:08
3458,466,0,16:56:14
3459,471,0,16:56:19
3460,472,0,16:56:25
3461,473,0,16:56:30
3462,474,0,16:56:36
3463,475,0,16:56:41
3464,471,0,16:56:47
3465,470,0,16:56:52
