methane;hydrogen;humidity;temperature;sensor;time
474;429;86;24;1;16:56:58
470;425;86;24;1;16:56:52
471;425;86;24;1;16:56:47
475;427;86;24;1;16:56:41
474;426;86;24;1;16:56:36
473;425;86;24;1;16:56:30
472;423;86;24;1;16:56:25
471;421;86;24;1;16:56:19
466;416;86;24;1;16:56:14
469;419;86;24;1;16:56:08
466;416;86;24;1;16:56:03
468;417;86;24;1;16:55:57
468;417;86;24;1;16:55:52
467;416;86;24;1;16:55:46
467;415;86;24;1;16:55:41
466;413;86;24;1;16:55:35
466;412;86;24;1;16:55:30
463;409;86;24;1;16:55:24
464;408;86;24;1;16:55:19
470;411;86;24;1;16:55:13
463;404;86;24;1;16:55:08
462;403;86;24;1;16:55:02
459;399;86;24;1;16:54:57
460;400;86;24;1;16:54:51
460;400;86;24;1;16:54:46
460;398;86;24;1;16:54:40
458;396;86;24;1;16:54:35
458;396;86;24;1;16:54:29
459;396;86;24;1;16:54:24
456;392;86;24;1;16:54:18
457;392;86;24;1;16:54:13
456;390;86;24;1;16:54:06
455;389;86;24;1;16:54:02
65280;9;40;24;1;16:54:02
455;389;86;24;1;16:53:56
455;388;86;24;1;16:53:47
455;386;86;24;1;16:53:39
455;385;86;24;1;16:53:33
455;384;86;24;1;16:53:27
510;716;62;0;2;16:53:23
455;382;86;24;1;16:53:22
454;380;86;24;1;16:53:16
497;707;62;27;2;16:53:12
453;379;86;24;1;16:53:11
256;702;62;27;2;16:53:07
450;376;86;24;1;16:53:05
451;378;86;24;1;16:53:00
225;693;62;27;2;16:52:56
447;376;86;24;1;16:52:54
268;689;62;27;2;16:52:50
449;379;86;24;1;16:52:49
471;683;62;27;2;16:52:45
450;380;86;24;1;16:52:43
450;380;86;24;1;16:52:39
260;512;62;27;2;16:52:39
449;379;86;24;1;16:52:32
257;668;63;27;2;16:52:28
450;378;86;24;1;16:52:27
450;375;86;24;1;16:52:21
478;657;63;6;2;16:52:17
450;373;86;25;1;16:52:16
464;524;63;8;2;16:52:12
444;367;86;24;1;16:52:10
468;647;35;27;2;16:52:06
442;366;86;24;1;16:52:05
464;642;63;27;2;16:52:01
443;367;86;24;1;16:52:00
446;368;86;24;1;16:51:54
416;631;63;27;2;16:51:50
440;365;86;24;1;16:51:48
458;627;63;27;2;16:51:44
442;367;86;24;1;16:51:43
443;367;86;24;1;16:51:37
0;5;35;24;1;16:51:33
441;366;86;24;1;16:51:32
448;612;63;27;2;16:51:28
440;366;86;25;1;16:51:26
434;608;63;27;2;16:51:22
440;366;86;25;1;16:51:21
421;604;63;0;2;16:51:17
440;366;86;25;1;16:51:15
420;599;63;27;2;16:51:11
440;365;86;25;1;16:51:10
268;595;63;27;2;16:51:06
441;362;86;25;1;16:51:04
392;591;63;27;2;16:51:00
435;356;86;25;1;16:50:59
128;522;63;27;2;16:50:55
431;353;86;24;1;16:50:53
383;581;4;27;2;16:50:49
428;353;86;25;1;16:50:48
268;576;64;27;2;16:50:44
434;358;86;25;1;16:50:42
13;569;64;0;2;16:50:38
435;356;86;25;1;16:50:37
371;564;64;27;2;16:50:33
432;353;86;25;1;16:50:31
429;351;86;25;1;16:50:27
367;560;64;27;2;16:50:27
430;351;86;25;1;16:50:20
359;548;64;27;2;16:50:16
428;349;86;25;1;16:50:15
355;542;64;27;2;16:50:11
425;346;86;25;1;16:50:09
352;536;64;27;2;16:50:05
423;344;86;25;1;16:50:04
348;515;64;27;2;16:49:59
424;345;86;25;1;16:49:58
345;526;64;27;2;16:49:54
423;343;86;25;1;16:49:53
342;522;64;27;2;16:49:48
423;342;86;25;1;16:49:47
339;516;64;27;2;16:49:43
423;342;86;25;1;16:49:42
336;510;64;27;2;16:49:37
417;336;86;25;1;16:49:36
333;248;64;8;2;16:49:32
418;337;86;25;1;16:49:31
330;499;64;27;2;16:49:26
416;336;86;25;1;16:49:25
72;493;64;27;2;16:49:21
416;336;86;25;1;16:49:20
325;488;64;27;2;16:49:15
413;335;86;25;1;16:49:14
326;483;64;26;2;16:49:10
415;336;86;25;1;16:49:09
326;478;64;27;2;16:49:04
413;334;86;25;1;16:49:03
410;332;86;25;1;16:48:58
316;468;64;27;2;16:48:53
409;331;86;25;1;16:48:52
313;461;65;26;2;16:48:48
407;331;86;25;1;16:48:47
48;200;65;26;2;16:48:42
407;331;86;25;1;16:48:41
405;329;86;25;1;16:48:36
49;447;65;26;2;16:48:31
405;329;86;24;1;16:48:30
302;441;0;26;2;16:48:26
403;327;86;25;1;16:48:25
300;436;65;26;2;16:48:20
402;326;86;25;1;16:48:19
297;430;65;26;2;16:48:15
399;321;86;25;1;16:48:14
294;426;65;26;2;16:48:09
395;318;86;25;1;16:48:08
292;420;65;26;2;16:48:04
395;319;86;25;1;16:48:03
289;415;65;26;2;16:47:58
395;319;86;25;1;16:47:57
287;409;65;26;2;16:47:53
392;316;86;25;1;16:47:52
28;403;65;26;2;16:47:47
391;315;86;25;1;16:47:46
282;398;65;26;2;16:47:42
388;312;86;25;1;16:47:41
280;393;65;6;2;16:47:36
386;311;86;25;1;16:47:35
277;387;65;26;2;16:47:31
385;311;86;25;1;16:47:30
258;378;65;26;2;16:47:25
383;309;86;25;1;16:47:24
272;374;65;26;2;16:47:20
382;308;86;25;1;16:47:19
379;306;86;25;1;16:47:13
266;366;65;26;2;16:47:09
377;305;86;25;1;16:47:08
264;361;65;26;2;16:47:03
375;303;86;25;1;16:47:02
261;354;65;26;2;16:46:58
373;302;86;25;1;16:46:57
258;348;65;26;2;16:46:52
371;300;86;25;1;16:46:51
256;343;65;26;2;16:46:47
368;299;86;25;1;16:46:46
367;297;86;25;1;16:46:40
250;332;66;26;2;16:46:36
364;296;86;25;1;16:46:35
247;326;66;26;2;16:46:30
363;295;86;25;1;16:46:29
244;320;66;2;2;16:46:25
360;293;86;25;1;16:46:24
241;313;66;26;2;16:46:19
358;292;86;25;1;16:46:18
239;306;66;26;2;16:46:14
355;290;86;25;1;16:46:13
354;290;86;24;1;16:46:07
351;288;86;24;1;16:46:02
233;293;66;26;2;16:46:02
230;287;66;26;2;16:45:57
348;286;86;24;1;16:45:56
347;285;86;24;1;16:45:51
228;272;66;6;2;16:45:51
225;272;66;26;2;16:45:46
346;284;86;25;1;16:45:45
343;282;86;25;1;16:45:40
222;265;33;26;2;16:45:40
219;257;66;26;2;16:45:35
341;281;86;24;1;16:45:34
337;278;86;24;1;16:45:29
215;249;66;8;2;16:45:29
212;241;66;26;2;16:45:24
336;277;86;24;1;16:45:23
333;275;86;24;1;16:45:18
208;234;66;26;2;16:45:18
204;227;66;26;2;16:45:13
329;272;86;24;1;16:45:12
329;273;86;24;1;16:45:07
200;219;66;26;2;16:45:07
197;212;66;26;2;16:45:02
326;272;86;24;1;16:45:01
324;271;86;24;1;16:44:56
193;204;66;26;2;16:44:56
188;196;66;26;2;16:44:51
322;270;86;24;1;16:44:50
320;269;86;24;1;16:44:45
186;176;66;26;2;16:44:45
178;183;66;26;2;16:44:40
316;267;86;24;1;16:44:39
313;265;86;24;1;16:44:34
174;178;66;26;2;16:44:34
171;172;66;26;2;16:44:29
309;263;86;24;1;16:44:28
305;261;86;24;1;16:44:23
168;168;66;26;2;16:44:23
302;259;86;24;1;16:44:17
298;257;86;24;1;16:44:12
158;156;66;25;2;16:44:12
161;160;66;25;2;16:44:12
294;255;86;24;1;16:44:06
290;252;86;24;1;16:44:01
157;154;66;25;2;16:44:01
155;153;66;25;2;16:44:01
286;250;86;24;1;16:43:55
282;248;86;24;1;16:43:50
279;246;86;24;1;16:43:44
275;244;85;24;1;16:43:39
260;236;85;24;1;16:43:16
239;223;84;24;1;16:42:44
236;221;84;24;1;16:42:38
233;219;84;24;1;16:42:33
231;217;84;24;1;16:42:27
225;214;83;24;1;16:42:16
223;212;83;24;1;16:42:10
220;210;83;24;1;16:42:03
770;868;73;25;2;16:37:30
385;301;87;24;1;16:37:25
771;869;74;25;2;16:37:24
383;299;87;24;1;16:37:20
772;869;74;25;2;16:37:19
381;297;87;24;1;16:37:14
772;870;74;24;2;16:37:13
379;296;87;24;1;16:37:09
773;870;74;25;2;16:37:08
377;294;86;24;1;16:37:03
773;870;74;25;2;16:37:02
375;292;86;24;1;16:36:58
773;870;74;24;2;16:36:57
373;291;86;24;1;16:36:52
774;871;74;24;2;16:36:51
371;289;86;24;1;16:36:47
773;871;74;24;2;16:36:46
370;288;86;24;1;16:36:41
773;871;74;24;2;16:36:40
367;286;86;24;1;16:36:36
773;871;74;24;2;16:36:35
366;284;86;24;1;16:36:30
773;871;74;24;2;16:36:29
365;283;85;24;1;16:36:25
773;871;74;24;2;16:36:24
362;281;85;24;1;16:36:19
772;871;75;24;2;16:36:18
360;280;85;24;1;16:36:14
772;871;74;24;2;16:36:13
359;279;85;24;1;16:36:08
772;871;74;24;2;16:36:07
357;277;85;24;1;16:36:03
772;870;74;24;2;16:36:02
354;276;85;24;1;16:35:57
772;870;74;24;2;16:35:56
352;274;85;24;1;16:35:52
772;870;74;24;2;16:35:51
350;273;84;24;1;16:35:46
772;870;74;24;2;16:35:45
346;272;85;24;1;16:35:41
772;870;74;24;2;16:35:40
347;271;84;24;1;16:35:35
772;870;74;24;2;16:35:34
345;268;83;24;1;16:35:30
773;870;74;24;2;16:35:29
342;266;83;24;1;16:35:24
775;869;74;24;2;16:35:23
340;265;83;24;1;16:35:19
777;870;74;24;2;16:35:18
338;263;82;24;1;16:35:13
336;261;82;24;1;16:35:12
777;869;74;24;2;16:35:12
334;260;82;24;1;16:35:06
333;259;82;24;1;16:35:01
331;257;81;24;1;16:34:55
329;256;81;24;1;16:34:50
328;255;81;24;1;16:34:44
327;254;81;25;1;16:34:38
326;253;80;25;1;16:34:29
324;252;80;25;1;16:34:24
324;252;80;25;1;16:34:18
781;873;73;24;2;16:34:17
323;251;79;25;1;16:34:13
779;874;73;24;2;16:34:11
322;250;79;25;1;16:34:07
781;874;73;24;2;16:34:06
321;249;79;25;1;16:34:05
321;248;78;25;1;16:34:00
321;248;78;25;1;16:33:54
322;247;78;25;1;16:33:49
321;246;77;25;1;16:33:43
321;246;76;25;1;16:33:34
317;245;75;25;1;16:33:32
323;244;74;25;1;16:33:27
322;244;73;25;1;16:33:21
321;244;72;25;1;16:33:16
324;244;71;25;1;16:33:10
324;244;70;25;1;16:33:05
324;245;70;25;1;16:32:56
323;247;71;25;1;16:32:54
777;882;71;25;2;16:32:54
325;247;68;25;1;16:32:45
774;882;71;25;2;16:32:43
330;252;66;25;1;16:32:39
771;880;71;25;2;16:32:38
329;250;63;25;1;16:32:34
768;879;71;25;2;16:32:32
326;246;62;25;1;16:32:28
767;877;71;25;2;16:32:27
324;246;61;25;1;16:32:23
765;875;71;25;2;16:32:21
323;242;60;25;1;16:32:17
763;875;71;25;2;16:32:16
312;236;57;25;1;16:32:12
760;872;71;25;2;16:32:10
307;233;55;25;1;16:32:06
756;869;71;25;2;16:32:05
306;230;55;25;1;16:32:01
756;869;71;25;2;16:31:59
303;228;54;25;1;16:31:55
755;868;71;25;2;16:31:54
299;226;54;25;1;16:31:50
755;868;71;25;2;16:31:48
298;225;53;25;1;16:31:44
754;868;71;25;2;16:31:43
296;224;53;25;1;16:31:39
754;868;71;25;2;16:31:37
291;223;51;25;1;16:31:33
753;868;71;25;2;16:31:32
284;223;50;25;1;16:31:28
753;868;71;25;2;16:31:26
281;226;47;24;1;16:31:22
753;868;71;25;2;16:31:21
268;221;42;24;1;16:31:17
753;868;71;25;2;16:31:15
202;174;45;24;1;16:31:11
753;868;71;25;2;16:31:10
125;108;45;24;1;16:31:06
754;868;71;25;2;16:31:04
132;112;45;24;1;16:31:00
753;868;71;25;2;16:31:00
754;868;71;25;2;16:30:54
753;869;71;25;2;16:30:43
753;869;71;25;2;16:30:38
753;869;71;25;2;16:30:32
752;869;71;25;2;16:30:27
752;869;71;25;2;16:30:21
752;869;71;25;2;16:30:16
751;869;71;25;2;16:30:10
750;869;71;25;2;16:30:05
750;868;71;25;2;16:29:59
749;868;71;25;2;16:29:54
747;868;71;25;2;16:29:43
744;867;71;25;2;16:29:37
742;865;71;25;2;16:29:32
741;864;71;25;2;16:29:26
740;864;71;25;2;16:29:21
739;864;71;25;2;16:29:15
738;863;71;25;2;16:29:10
737;863;71;25;2;16:29:04
735;862;71;25;2;16:28:59
734;861;71;25;2;16:28:53
733;861;71;25;2;16:28:48
731;860;71;25;2;16:28:42
730;859;71;25;2;16:28:37
729;859;71;25;2;16:28:31
728;858;71;25;2;16:28:26
727;858;71;25;2;16:28:20
727;858;71;25;2;16:28:15
727;857;71;25;2;16:28:09
727;857;71;25;2;16:28:02
384;454;45;24;1;16:27:59
727;857;71;25;2;16:27:57
649;776;43;24;1;16:27:53
727;858;71;25;2;16:27:51
503;800;0;0;1;16:27:48
727;857;71;25;2;16:27:47
727;858;71;25;2;16:27:42
726;858;71;25;2;16:27:36
726;858;71;25;2;16:27:31
726;858;4;25;2;16:27:25
726;858;71;25;2;16:27:20
726;858;71;25;2;16:27:14
725;858;71;25;2;16:27:09
724;858;71;25;2;16:27:03
724;857;71;25;2;16:26:58
723;857;71;25;2;16:26:52
723;857;71;25;2;16:26:47
722;857;71;25;2;16:26:41
721;856;71;25;2;16:26:36
721;856;71;25;2;16:26:30
720;856;71;25;2;16:26:25
719;855;71;25;2;16:26:19
719;855;71;25;2;16:26:14
718;855;71;25;2;16:26:08
718;855;71;25;2;16:26:03
717;854;71;25;2;16:25:57
716;854;71;25;2;16:25:52
716;854;71;25;2;16:25:46
715;853;71;25;2;16:25:41
715;853;71;25;2;16:25:35
714;853;71;25;2;16:25:30
713;852;71;25;2;16:25:24
713;852;71;25;2;16:25:19
712;852;71;25;2;16:25:13
711;851;71;25;2;16:25:08
711;851;71;25;2;16:25:02
709;850;71;25;2;16:24:51
709;850;71;25;2;16:24:46
708;850;71;25;2;16:24:40
708;849;71;25;2;16:24:35
707;849;71;25;2;16:24:29
706;848;71;25;2;16:24:24
706;848;71;25;2;16:24:18
705;847;71;25;2;16:24:13
704;847;71;25;2;16:24:07
704;847;71;25;2;16:24:02
703;846;71;25;2;16:23:56
702;846;71;25;2;16:23:50
707;757;75;25;1;16:23:46
702;846;71;25;2;16:23:45
725;754;75;25;1;16:23:40
701;845;71;25;2;16:23:39
727;751;75;25;1;16:23:35
700;845;71;25;2;16:23:34
727;750;75;25;1;16:23:29
700;844;71;25;2;16:23:28
727;748;75;25;1;16:23:24
699;844;71;25;2;16:23:23
727;747;75;25;1;16:23:18
698;843;71;25;2;16:23:17
726;746;75;25;1;16:23:13
698;843;71;25;2;16:23:12
726;744;75;25;1;16:23:07
697;842;71;25;2;16:23:06
725;743;75;25;1;16:23:02
696;842;71;25;2;16:23:01
724;742;75;25;1;16:22:56
696;842;71;25;2;16:22:55
724;741;75;25;1;16:22:51
695;841;71;25;2;16:22:50
723;740;75;25;1;16:22:45
694;841;71;25;2;16:22:44
723;740;75;25;1;16:22:40
693;840;71;25;2;16:22:39
722;739;75;25;1;16:22:34
693;840;71;25;2;16:22:33
721;738;75;25;1;16:22:29
692;839;71;25;2;16:22:28
721;737;75;25;1;16:22:23
691;839;71;25;2;16:22:22
720;736;75;25;1;16:22:18
690;838;71;25;2;16:22:17
720;735;75;25;1;16:22:12
690;838;71;25;2;16:22:11
719;735;75;25;1;16:22:07
689;837;71;25;2;16:22:05
718;734;75;25;1;16:22:01
688;837;71;25;2;16:22:00
717;733;75;25;1;16:21:56
687;836;71;25;2;16:21:54
717;733;75;25;1;16:21:50
686;836;71;25;2;16:21:49
716;732;75;25;1;16:21:45
686;835;71;25;2;16:21:43
715;731;75;25;1;16:21:39
685;835;71;25;2;16:21:38
715;730;75;25;1;16:21:34
684;834;71;25;2;16:21:32
714;729;75;25;1;16:21:28
683;834;71;25;2;16:21:27
713;728;75;25;1;16:21:23
682;833;71;25;2;16:21:21
712;727;33;25;1;16:21:17
682;833;71;25;2;16:21:16
711;726;75;25;1;16:21:12
681;832;71;25;2;16:21:10
711;725;75;25;1;16:21:06
680;832;71;25;2;16:21:05
710;724;75;25;1;16:21:01
679;831;71;25;2;16:20:59
709;723;75;25;1;16:20:55
678;831;71;25;2;16:20:54
708;721;75;25;1;16:20:50
677;830;35;25;2;16:20:48
707;720;75;25;1;16:20:44
676;830;71;25;2;16:20:43
706;720;75;25;1;16:20:39
675;829;71;25;2;16:20:37
705;719;75;25;1;16:20:33
675;829;71;25;2;16:20:32
704;718;75;25;1;16:20:28
674;828;71;25;2;16:20:26
703;717;75;25;1;16:20:22
673;827;71;25;2;16:20:21
703;717;75;25;1;16:20:17
672;827;71;25;2;16:20:15
702;715;75;25;1;16:20:11
671;826;71;25;2;16:20:10
700;714;75;25;1;16:20:06
670;826;71;25;2;16:20:04
699;713;75;25;1;16:20:00
669;825;71;25;2;16:19:59
698;712;75;25;1;16:19:55
668;825;71;25;2;16:19:53
698;711;75;25;1;16:19:49
667;824;71;25;2;16:19:48
697;710;75;25;1;16:19:44
666;824;71;25;2;16:19:42
695;709;75;25;1;16:19:38
665;823;71;25;2;16:19:37
694;708;75;25;1;16:19:33
664;823;71;25;2;16:19:31
693;706;75;25;1;16:19:27
663;822;71;25;2;16:19:26
692;705;75;25;1;16:19:22
662;821;71;25;2;16:19:20
690;703;75;25;1;16:19:16
661;821;71;25;2;16:19:15
689;702;75;25;1;16:19:11
660;820;71;25;2;16:19:09
688;701;75;25;1;16:19:05
658;820;71;25;2;16:19:04
686;699;75;25;1;16:19:00
657;819;71;25;2;16:18:58
685;698;75;25;1;16:18:54
656;819;71;25;2;16:18:53
684;696;75;25;1;16:18:49
655;818;71;25;2;16:18:47
682;695;75;25;1;16:18:43
654;817;71;25;2;16:18:42
681;693;75;25;1;16:18:38
653;817;71;25;2;16:18:36
679;692;75;25;1;16:18:32
652;816;71;25;2;16:18:30
678;690;75;25;1;16:18:27
651;815;71;25;2;16:18:25
677;689;75;25;1;16:18:21
650;815;71;25;2;16:18:19
675;687;75;25;1;16:18:16
648;814;71;25;2;16:18:14
674;686;75;25;1;16:18:10
647;814;71;25;2;16:18:08
673;684;75;25;1;16:18:05
646;813;71;25;2;16:18:03
671;683;75;25;1;16:17:59
644;812;71;25;2;16:17:57
669;681;75;25;1;16:17:54
643;812;71;25;2;16:17:52
668;680;75;25;1;16:17:48
642;811;71;25;2;16:17:46
667;678;75;25;1;16:17:43
641;810;71;25;2;16:17:41
665;677;75;25;1;16:17:37
640;810;71;25;2;16:17:35
664;676;75;25;1;16:17:32
638;809;71;25;2;16:17:30
663;674;75;25;1;16:17:26
637;808;71;25;2;16:17:24
661;673;75;25;1;16:17:21
635;807;71;25;2;16:17:19
660;671;75;25;1;16:17:15
634;807;71;25;2;16:17:13
659;670;75;25;1;16:17:10
632;806;71;25;2;16:17:08
657;669;75;8;1;16:17:04
631;805;71;25;2;16:17:02
656;667;75;25;1;16:16:59
629;804;71;25;2;16:16:57
654;666;75;25;1;16:16:53
627;804;71;25;2;16:16:51
653;665;75;25;1;16:16:48
626;803;71;25;2;16:16:46
651;664;75;25;1;16:16:42
624;802;71;25;2;16:16:40
650;663;75;25;1;16:16:37
623;801;71;25;2;16:16:35
649;662;75;25;1;16:16:31
621;801;71;25;2;16:16:29
647;660;75;25;1;16:16:26
619;800;71;25;2;16:16:24
646;659;75;25;1;16:16:20
617;799;71;25;2;16:16:18
645;659;75;25;1;16:16:15
616;799;71;25;2;16:16:13
644;658;75;25;1;16:16:09
614;798;71;25;2;16:16:07
643;657;75;25;1;16:16:04
612;797;71;25;2;16:16:02
641;656;75;25;1;16:15:58
610;797;71;25;2;16:15:56
640;655;75;25;1;16:15:53
608;796;71;25;2;16:15:51
640;654;75;25;1;16:15:47
606;795;71;25;2;16:15:45
638;653;75;25;1;16:15:42
604;795;71;25;2;16:15:40
637;652;75;25;1;16:15:36
602;794;71;25;2;16:15:34
636;651;75;25;1;16:15:31
600;793;71;25;2;16:15:29
634;650;75;25;1;16:15:25
598;792;71;25;2;16:15:23
633;649;75;25;1;16:15:20
596;791;71;25;2;16:15:18
632;649;75;25;1;16:15:14
594;791;71;25;2;16:15:12
631;648;75;25;1;16:15:09
592;790;71;25;2;16:15:07
630;647;75;25;1;16:15:03
590;789;71;25;2;16:15:01
628;646;75;25;1;16:14:58
588;788;71;25;2;16:14:56
627;645;75;25;1;16:14:52
586;787;71;25;2;16:14:50
626;644;74;25;1;16:14:47
584;786;71;25;2;16:14:44
625;644;74;25;1;16:14:41
582;786;71;25;2;16:14:39
624;643;75;25;1;16:14:36
580;785;71;25;2;16:14:33
623;642;74;25;1;16:14:30
578;784;71;25;2;16:14:28
622;641;75;25;1;16:14:25
576;783;71;25;2;16:14:22
620;640;74;25;1;16:14:19
574;782;71;25;2;16:14:17
619;639;74;25;1;16:14:14
572;781;4;25;2;16:14:11
618;638;74;25;1;16:14:08
570;780;71;25;2;16:14:06
616;637;74;25;1;16:14:03
568;779;71;25;2;16:14:00
615;636;74;25;1;16:13:57
566;778;71;25;2;16:13:55
614;636;74;25;1;16:13:52
564;776;71;25;2;16:13:49
613;634;74;25;1;16:13:46
562;775;71;25;2;16:13:44
611;634;74;25;1;16:13:41
560;774;71;25;2;16:13:38
610;632;74;25;1;16:13:35
558;773;71;25;2;16:13:33
608;631;74;25;1;16:13:30
555;772;71;25;2;16:13:27
607;630;74;25;1;16:13:24
553;771;71;25;2;16:13:22
605;629;74;25;1;16:13:19
551;770;71;25;2;16:13:16
604;628;74;25;1;16:13:13
549;769;71;25;2;16:13:11
602;626;74;25;1;16:13:08
546;767;71;25;2;16:13:05
600;625;74;25;1;16:13:02
544;766;71;25;2;16:13:00
599;624;74;25;1;16:12:57
542;765;71;25;2;16:12:54
598;623;74;25;1;16:12:51
539;764;71;25;2;16:12:49
596;621;74;25;1;16:12:46
537;763;71;25;2;16:12:43
594;620;74;25;1;16:12:40
534;761;71;25;2;16:12:38
593;618;74;25;1;16:12:35
532;760;71;25;2;16:12:32
592;617;74;25;1;16:12:29
530;759;71;25;2;16:12:27
590;615;74;25;1;16:12:24
527;757;71;25;2;16:12:21
588;613;74;25;1;16:12:18
525;756;71;25;2;16:12:16
586;611;74;25;1;16:12:13
522;754;71;25;2;16:12:10
584;609;74;25;1;16:12:07
520;753;71;25;2;16:12:05
582;607;74;25;1;16:12:02
517;751;71;25;2;16:11:59
580;605;74;25;1;16:11:56
515;750;71;25;2;16:11:54
578;603;74;25;1;16:11:51
512;749;71;25;2;16:11:48
577;601;74;25;1;16:11:45
509;747;71;25;2;16:11:43
575;599;74;25;1;16:11:40
507;746;71;25;2;16:11:37
573;596;74;25;1;16:11:34
504;744;71;25;2;16:11:32
571;594;74;25;1;16:11:29
502;743;70;25;2;16:11:26
570;591;74;25;1;16:11:23
499;741;70;25;2;16:11:21
568;589;74;25;1;16:11:18
496;740;70;25;2;16:11:15
566;586;74;25;1;16:11:12
494;738;70;25;2;16:11:09
564;584;74;25;1;16:11:07
491;736;70;25;2;16:11:04
562;581;74;25;1;16:11:01
489;735;70;25;2;16:10:58
560;578;74;25;1;16:10:56
487;733;70;25;2;16:10:53
558;576;74;25;1;16:10:50
485;731;70;25;2;16:10:47
557;573;74;25;1;16:10:45
482;730;70;25;2;16:10:42
556;570;74;25;1;16:10:39
480;728;70;25;2;16:10:36
554;567;74;25;1;16:10:34
478;726;70;25;2;16:10:31
552;562;74;25;1;16:10:28
476;724;70;25;2;16:10:25
549;558;74;25;1;16:10:23
473;723;70;25;2;16:10:20
546;556;74;25;1;16:10:17
471;721;70;25;2;16:10:14
545;554;74;25;1;16:10:12
469;719;70;25;2;16:10:09
544;553;74;25;1;16:10:06
467;718;70;25;2;16:10:03
542;552;74;25;1;16:10:01
465;716;70;25;2;16:09:58
541;550;74;25;1;16:09:55
462;714;70;25;2;16:09:52
540;548;74;25;1;16:09:50
460;712;70;25;2;16:09:47
539;546;74;25;1;16:09:44
459;710;70;25;2;16:09:41
538;544;74;25;1;16:09:39
457;709;70;25;2;16:09:36
536;540;74;25;1;16:09:33
455;707;70;25;2;16:09:30
534;538;74;25;1;16:09:28
453;705;70;25;2;16:09:25
533;536;74;25;1;16:09:22
451;704;70;25;2;16:09:19
532;535;74;25;1;16:09:17
449;702;70;25;2;16:09:14
530;533;74;25;1;16:09:11
447;700;70;25;2;16:09:08
529;532;74;25;1;16:09:06
446;698;70;25;2;16:09:03
528;530;74;25;1;16:09:00
444;697;70;25;2;16:08:57
527;528;74;25;1;16:08:55
443;695;70;25;2;16:08:52
526;526;74;25;1;16:08:49
441;693;70;25;2;16:08:46
525;523;74;25;1;16:08:44
439;692;70;25;2;16:08:41
524;520;74;25;1;16:08:38
438;690;70;25;2;16:08:35
522;518;74;25;1;16:08:33
436;688;70;25;2;16:08:30
521;515;74;25;1;16:08:27
435;686;70;25;2;16:08:24
520;512;74;25;1;16:08:22
433;684;70;25;2;16:08:19
519;510;74;25;1;16:08:16
432;682;70;25;2;16:08:13
518;508;74;25;1;16:08:11
431;680;70;25;2;16:08:08
517;506;74;25;1;16:08:05
429;678;70;25;2;16:08:02
515;504;74;25;1;16:08:00
428;676;70;25;2;16:07:57
515;502;74;25;1;16:07:54
427;674;70;25;2;16:07:51
513;499;74;25;1;16:07:49
426;672;70;25;2;16:07:46
512;496;74;25;1;16:07:43
426;670;70;25;2;16:07:40
511;493;74;25;1;16:07:38
425;668;70;25;2;16:07:35
510;490;74;25;1;16:07:32
424;666;70;25;2;16:07:29
509;486;74;25;1;16:07:27
424;664;70;25;2;16:07:23
507;483;74;25;1;16:07:21
424;662;70;25;2;16:07:18
505;480;74;25;1;16:07:16
424;661;70;25;2;16:07:12
504;477;74;25;1;16:07:10
424;659;70;25;2;16:07:07
503;474;74;25;1;16:07:05
425;658;70;25;2;16:07:01
502;471;74;25;1;16:06:59
425;657;70;25;2;16:06:56
502;467;74;25;1;16:06:54
426;656;70;25;2;16:06:50
427;655;70;25;2;16:06:45
499;460;74;25;1;16:06:43
427;655;70;25;2;16:06:39
498;456;74;25;1;16:06:37
428;654;70;25;2;16:06:34
497;452;74;25;1;16:06:32
430;654;70;25;2;16:06:28
495;448;74;25;1;16:06:26
431;654;70;25;2;16:06:23
493;444;74;25;1;16:06:21
434;654;70;25;2;16:06:17
493;440;74;25;1;16:06:15
436;654;70;25;2;16:06:12
492;436;74;25;1;16:06:10
438;655;70;25;2;16:06:06
490;432;74;25;1;16:06:04
441;656;70;25;2;16:06:01
490;428;74;25;1;16:05:59
444;659;70;25;2;16:05:55
489;424;74;25;1;16:05:53
447;662;70;25;2;16:05:50
489;420;74;25;1;16:05:48
449;667;70;25;2;16:05:44
487;416;74;25;1;16:05:42
450;673;70;25;2;16:05:39
486;413;74;25;1;16:05:37
450;687;70;25;2;16:05:33
485;410;74;25;1;16:05:31
450;687;70;25;2;16:05:28
484;406;74;25;1;16:05:26
450;687;70;25;2;16:05:22
483;402;74;25;1;16:05:20
449;687;70;25;2;16:05:17
482;400;74;25;1;16:05:15
449;686;70;25;2;16:05:11
482;397;74;25;1;16:05:09
448;685;70;25;2;16:05:06
482;395;74;25;1;16:05:04
447;684;70;25;2;16:05:00
481;392;74;25;1;16:04:58
447;683;70;25;2;16:04:55
478;389;74;25;1;16:04:53
446;682;70;25;2;16:04:49
477;388;74;25;1;16:04:47
445;680;70;25;2;16:04:44
477;387;74;25;1;16:04:42
444;679;70;25;2;16:04:38
476;386;74;25;1;16:04:36
444;678;70;25;2;16:04:33
476;385;74;25;1;16:04:31
443;676;70;25;2;16:04:27
474;384;74;25;1;16:04:25
442;675;70;25;2;16:04:22
472;383;74;25;1;16:04:20
442;674;70;25;2;16:04:16
471;383;74;25;1;16:04:14
441;673;70;25;2;16:04:11
469;383;74;25;1;16:04:09
440;671;70;25;2;16:04:05
468;383;74;25;1;16:04:03
439;670;70;25;2;16:04:00
468;382;74;25;1;16:03:58
439;669;70;25;2;16:03:54
467;382;74;25;1;16:03:52
438;667;70;25;2;16:03:48
467;382;74;25;1;16:03:47
437;666;70;25;2;16:03:43
465;382;74;25;1;16:03:41
436;664;70;25;2;16:03:37
464;381;74;25;1;16:03:36
436;663;70;25;2;16:03:32
463;381;74;25;1;16:03:30
435;661;70;25;2;16:03:26
463;381;74;25;1;16:03:24
434;660;70;25;2;16:03:21
462;381;74;25;1;16:03:19
433;659;70;25;2;16:03:15
462;381;74;25;1;16:03:14
432;657;70;25;2;16:03:10
460;381;74;25;1;16:03:08
432;656;70;25;2;16:03:04
459;381;74;25;1;16:03:03
431;654;70;25;2;16:02:59
458;381;74;25;1;16:02:57
430;653;70;25;2;16:02:53
458;381;74;25;1;16:02:51
429;652;70;25;2;16:02:48
456;380;74;25;1;16:02:46
428;650;70;25;2;16:02:42
455;381;74;25;1;16:02:40
427;648;70;25;2;16:02:37
453;381;33;25;1;16:02:35
427;647;70;25;2;16:02:31
452;381;74;25;1;16:02:29
426;645;70;25;2;16:02:26
452;381;74;25;1;16:02:24
425;644;70;25;2;16:02:20
451;381;74;25;1;16:02:18
424;642;70;25;2;16:02:15
450;381;74;25;1;16:02:13
423;641;70;25;2;16:02:09
450;381;74;25;1;16:02:07
422;640;70;25;2;16:02:04
448;382;74;25;1;16:02:02
421;638;70;25;2;16:01:58
448;382;74;25;1;16:01:56
420;636;70;25;2;16:01:53
447;382;74;25;1;16:01:51
419;635;70;25;2;16:01:47
446;382;74;25;1;16:01:45
418;633;70;25;2;16:01:42
446;382;74;25;1;16:01:40
417;632;70;25;2;16:01:36
445;382;74;25;1;16:01:34
416;630;70;25;2;16:01:31
444;383;74;25;1;16:01:29
416;628;70;25;2;16:01:25
443;383;74;25;1;16:01:23
414;627;70;25;2;16:01:20
443;383;74;25;1;16:01:18
413;624;70;25;2;16:01:14
443;383;74;25;1;16:01:12
412;623;70;25;2;16:01:09
443;383;74;25;1;16:01:07
411;621;70;25;2;16:01:03
441;384;74;25;1;16:01:01
410;619;70;25;2;16:00:58
441;384;74;25;1;16:00:56
409;616;70;25;2;16:00:52
441;384;74;25;1;16:00:50
407;614;70;25;2;16:00:47
441;385;74;25;1;16:00:45
406;612;70;25;2;16:00:41
440;385;74;25;1;16:00:39
405;609;70;25;2;16:00:36
439;385;74;25;1;16:00:34
404;607;70;25;2;16:00:30
437;385;74;25;1;16:00:28
402;605;70;25;2;16:00:25
437;386;74;25;1;16:00:23
401;603;70;25;2;16:00:19
437;386;74;25;1;16:00:17
400;601;70;25;2;16:00:14
437;386;74;25;1;16:00:12
398;598;70;25;2;16:00:08
436;387;74;25;1;16:00:06
397;596;70;25;2;16:00:02
436;387;74;25;1;16:00:01
395;594;70;25;2;15:59:57
436;387;74;25;1;15:59:55
394;592;70;25;2;15:59:51
435;388;74;25;1;15:59:50
392;589;70;25;2;15:59:46
434;388;74;25;1;15:59:44
391;587;70;25;2;15:59:40
434;388;74;25;1;15:59:39
389;585;70;25;2;15:59:35
432;389;74;25;1;15:59:33
388;582;70;25;2;15:59:29
433;389;74;25;1;15:59:28
386;580;70;25;2;15:59:24
432;390;74;25;1;15:59:22
384;577;70;25;2;15:59:18
432;390;74;25;1;15:59:17
383;574;70;25;2;15:59:13
431;390;74;25;1;15:59:11
381;570;70;25;2;15:59:07
429;391;74;25;1;15:59:06
379;568;70;25;2;15:59:02
429;391;74;25;1;15:59:00
377;565;70;25;2;15:58:56
429;391;74;25;1;15:58:55
375;562;70;0;2;15:58:51
428;392;74;25;1;15:58:49
374;559;70;25;2;15:58:45
428;392;74;25;1;15:58:44
372;556;70;25;2;15:58:40
428;393;74;25;1;15:58:38
370;553;70;25;2;15:58:34
428;393;74;25;1;15:58:33
368;549;70;25;2;15:58:29
428;394;74;25;1;15:58:27
367;546;70;25;2;15:58:23
427;394;74;25;1;15:58:22
365;542;70;25;2;15:58:18
426;394;74;25;1;15:58:16
363;539;70;25;2;15:58:12
425;395;74;25;1;15:58:11
361;535;70;25;2;15:58:07
425;395;74;25;1;15:58:05
359;531;70;25;2;15:58:01
424;395;74;25;1;15:58:00
357;528;70;25;2;15:57:56
424;396;74;25;1;15:57:54
355;524;70;25;2;15:57:50
424;397;74;25;1;15:57:49
354;520;70;25;2;15:57:45
424;397;74;25;1;15:57:43
352;516;70;25;2;15:57:39
423;397;74;25;1;15:57:38
351;512;70;25;2;15:57:34
423;398;74;25;1;15:57:32
350;508;70;25;2;15:57:28
423;398;74;25;1;15:57:27
349;505;70;25;2;15:57:23
422;399;74;25;1;15:57:21
348;504;70;25;2;15:57:17
423;399;74;25;1;15:57:16
347;502;70;25;2;15:57:12
423;400;74;25;1;15:57:10
347;501;70;25;2;15:57:06
422;400;74;25;1;15:57:05
346;500;70;25;2;15:57:01
422;401;74;25;1;15:56:59
346;499;70;25;2;15:56:55
422;401;74;25;1;15:56:54
345;498;70;25;2;15:56:50
422;402;74;25;1;15:56:48
344;241;70;25;2;15:56:44
422;402;74;25;1;15:56:43
344;495;70;25;2;15:56:39
419;402;74;25;1;15:56:37
343;494;70;25;2;15:56:33
419;403;74;25;1;15:56:32
342;492;70;25;2;15:56:28
419;403;74;25;1;15:56:26
342;491;70;25;2;15:56:22
419;403;74;25;1;15:56:21
341;490;70;25;2;15:56:16
419;404;74;25;1;15:56:15
340;488;70;25;2;15:56:11
418;404;74;25;1;15:56:10
340;488;70;25;2;15:56:05
418;405;74;25;1;15:56:04
339;486;70;25;2;15:56:00
417;405;74;25;1;15:55:59
338;485;70;25;2;15:55:54
417;405;74;25;1;15:55:53
338;484;70;25;2;15:55:49
417;405;74;25;1;15:55:48
337;482;70;25;2;15:55:43
416;405;74;25;1;15:55:42
336;481;70;25;2;15:55:38
415;405;74;25;1;15:55:37
335;479;70;25;2;15:55:32
415;405;74;25;1;15:55:31
335;477;70;25;2;15:55:27
414;405;74;25;1;15:55:26
334;476;70;25;2;15:55:21
414;406;74;25;1;15:55:20
333;474;70;25;2;15:55:16
414;405;73;25;1;15:55:15
332;473;70;25;2;15:55:10
414;405;74;25;1;15:55:09
331;472;70;25;2;15:55:05
413;405;73;25;1;15:55:04
331;470;70;25;2;15:54:59
414;405;73;25;1;15:54:58
330;468;70;25;2;15:54:54
414;405;73;25;1;15:54:53
329;467;70;25;2;15:54:48
413;404;73;25;1;15:54:47
329;465;70;25;2;15:54:43
412;404;73;25;1;15:54:42
328;463;70;25;2;15:54:37
411;404;73;25;1;15:54:36
327;462;70;25;2;15:54:32
412;405;73;25;1;15:54:31
326;460;70;25;2;15:54:26
411;405;73;25;1;15:54:25
325;458;70;25;2;15:54:21
411;405;73;25;1;15:54:20
324;457;70;25;2;15:54:15
411;405;73;25;1;15:54:14
324;455;70;25;2;15:54:10
410;404;73;25;1;15:54:09
323;453;70;25;2;15:54:04
409;404;73;25;1;15:54:03
322;452;70;25;2;15:53:59
408;404;73;25;1;15:53:58
321;450;70;25;2;15:53:53
408;404;73;25;1;15:53:52
320;449;70;25;2;15:53:48
407;404;73;25;1;15:53:47
319;446;70;25;2;15:53:42
407;404;73;25;1;15:53:41
318;445;70;25;2;15:53:37
406;404;73;25;1;15:53:36
317;443;71;25;2;15:53:31
405;404;73;25;1;15:53:30
316;441;71;25;2;15:53:26
405;404;73;25;1;15:53:25
316;440;71;25;2;15:53:20
406;405;73;25;1;15:53:19
315;438;71;25;2;15:53:15
404;405;73;25;1;15:53:14
314;436;71;25;2;15:53:09
403;405;73;25;1;15:53:08
313;434;71;25;2;15:53:04
403;405;73;25;1;15:53:03
312;433;71;25;2;15:52:58
403;405;73;25;1;15:52:57
311;430;71;25;2;15:52:53
402;405;73;25;1;15:52:52
310;428;71;25;2;15:52:47
402;406;73;26;1;15:52:46
402;406;73;25;1;15:52:41
309;426;71;25;2;15:52:41
307;424;71;25;2;15:52:36
401;406;73;25;1;15:52:35
401;406;73;26;1;15:52:30
307;421;71;25;2;15:52:30
305;420;71;25;2;15:52:25
400;407;73;25;1;15:52:24
400;407;73;25;1;15:52:19
304;418;71;25;2;15:52:19
303;417;71;25;2;15:52:14
398;407;73;26;1;15:52:13
398;407;73;25;1;15:52:08
302;414;71;25;2;15:52:08
301;412;71;25;2;15:52:03
398;408;73;25;1;15:52:02
398;408;73;25;1;15:51:57
299;410;71;25;2;15:51:57
298;407;71;25;2;15:51:52
397;408;73;26;1;15:51:51
396;408;73;25;1;15:51:46
297;406;71;25;2;15:51:46
296;402;71;25;2;15:51:41
396;409;73;25;1;15:51:40
395;409;73;25;1;15:51:35
293;399;71;25;2;15:51:35
294;399;71;25;2;15:51:35
395;409;73;25;1;15:51:29
292;396;71;25;2;15:51:29
395;410;73;25;1;15:51:24
290;394;71;25;2;15:51:24
394;410;73;25;1;15:51:18
289;392;71;25;2;15:51:18
393;410;73;26;1;15:51:13
393;410;73;26;1;15:51:07
393;411;73;26;1;15:51:02
375;419;73;26;1;15:48:27
374;420;73;26;1;15:48:22
374;420;73;26;1;15:48:16
373;420;73;26;1;15:48:11
116;421;73;26;1;15:48:05
372;421;73;26;1;15:48:00
372;421;73;26;1;15:47:54
370;421;73;26;1;15:47:49
370;422;73;26;1;15:47:43
369;422;73;26;1;15:47:38
369;423;73;26;1;15:47:32
369;423;73;26;1;15:47:27
368;423;73;26;1;15:47:21
367;423;73;26;1;15:47:16
367;424;73;26;1;15:47:10
366;424;73;26;1;15:47:05
365;424;73;26;1;15:46:59
365;425;73;26;1;15:46:54
364;425;73;26;1;15:46:48
363;425;73;26;1;15:46:43
363;425;73;26;1;15:46:37
363;426;73;26;1;15:46:32
363;426;73;26;1;15:46:26
362;427;73;25;1;15:46:21
363;427;73;26;1;15:46:15
363;428;72;26;1;15:46:10
363;428;72;26;1;15:46:04
363;428;32;26;1;15:45:59
362;429;72;26;1;15:45:53
362;429;72;26;1;15:45:48
362;429;72;26;1;15:45:42
362;430;72;26;1;15:45:37
362;430;72;26;1;15:45:31
362;431;72;26;1;15:45:25
362;431;72;26;1;15:45:20
361;432;72;26;1;15:45:14
361;432;72;26;1;15:45:09
361;433;72;26;1;15:45:03
360;433;72;26;1;15:44:58
360;433;72;26;1;15:44:52
358;433;72;26;1;15:44:47
358;433;72;26;1;15:44:41
357;434;72;26;1;15:44:36
357;434;72;26;1;15:44:30
356;434;72;26;1;15:44:25
355;434;72;26;1;15:44:19
355;435;72;26;1;15:44:14
355;435;72;26;1;15:44:08
355;436;72;26;1;15:44:03
354;436;72;26;1;15:43:57
354;436;72;8;1;15:43:52
354;436;72;26;1;15:43:46
354;437;72;26;1;15:43:41
354;437;72;26;1;15:43:35
353;437;72;26;1;15:43:30
352;437;72;26;1;15:43:24
352;438;72;26;1;15:43:14
151;200;70;25;2;15:43:14
352;438;72;26;1;15:43:09
150;201;70;25;2;15:43:08
352;439;71;26;1;15:43:03
148;202;70;25;2;15:43:03
352;439;71;26;1;15:42:58
147;200;70;25;2;15:42:57
352;439;71;26;1;15:42:52
146;202;70;25;2;15:42:52
352;440;71;26;1;15:42:47
352;440;71;26;1;15:42:46
145;202;70;25;2;15:42:46
351;440;71;26;1;15:42:36
144;193;70;25;2;15:42:35
351;441;71;26;1;15:42:30
143;192;70;25;2;15:42:30
350;441;71;25;1;15:42:29
350;441;71;26;1;15:42:24
350;441;71;26;1;15:42:18
351;442;71;26;1;15:42:13
350;442;71;25;1;15:42:03
350;443;71;26;1;15:42:02
140;185;70;6;2;15:42:02
350;443;71;25;1;15:41:56
349;443;71;25;1;15:41:46
349;444;71;26;1;15:41:35
349;444;71;26;1;15:41:34
349;445;71;25;1;15:41:24
348;445;71;25;1;15:41:19
348;445;71;25;1;15:41:17
348;446;71;26;1;15:41:08
348;446;71;25;1;15:41:06
348;446;71;26;1;15:40:57
348;447;71;25;1;15:40:51
347;447;71;25;1;15:40:50
128;170;69;25;2;15:40:50
347;447;71;25;1;15:40:40
136;169;2;25;2;15:40:39
347;448;71;25;1;15:40:35
136;8;69;25;2;15:40:34
347;448;70;25;1;15:40:33
347;449;70;25;1;15:40:24
136;169;69;0;2;15:40:23
347;449;70;25;1;15:40:22
347;449;70;25;1;15:40:13
136;171;68;25;2;15:40:12
347;450;70;25;1;15:40:07
135;165;68;24;2;15:40:06
347;450;70;26;1;15:40:02
135;166;68;24;2;15:40:01
347;451;70;25;1;15:39:56
134;169;68;24;2;15:39:55
346;451;70;25;1;15:39:51
134;164;64;24;2;15:39:50
347;451;70;25;1;15:39:45
134;5;68;24;2;15:39:44
347;452;70;25;1;15:39:40
133;169;68;24;2;15:39:39
347;453;70;25;1;15:39:34
5;164;68;24;2;15:39:33
347;453;70;25;1;15:39:29
132;162;68;24;2;15:39:28
347;453;70;25;1;15:39:23
132;164;68;24;2;15:39:22
347;454;70;25;1;15:39:18
131;164;67;24;2;15:39:17
347;454;70;25;1;15:39:12
131;162;67;24;2;15:39:11
347;455;70;25;1;15:39:07
128;166;67;24;2;15:39:06
348;455;70;25;1;15:39:01
130;167;67;24;2;15:39:00
348;456;70;25;1;15:38:56
129;158;67;24;2;15:38:55
348;456;70;25;1;15:38:50
348;457;69;25;1;15:38:49
128;158;33;24;2;15:38:49
348;458;69;25;1;15:38:43
348;458;69;25;1;15:38:34
125;154;66;24;2;15:38:33
348;459;69;25;1;15:38:28
124;164;66;24;2;15:38:27
349;459;69;25;1;15:38:23
123;157;66;24;2;15:38:22
349;460;69;25;1;15:38:17
122;155;65;24;2;15:38:16
349;461;69;25;1;15:38:12
121;156;65;24;2;15:38:11
349;461;69;25;1;15:38:06
120;152;65;24;2;15:38:05
350;462;69;25;1;15:38:01
350;463;69;25;1;15:37:59
119;149;64;24;2;15:37:59
350;463;69;25;1;15:37:50
350;464;69;25;1;15:37:48
117;150;64;24;2;15:37:48
351;465;69;25;1;15:37:39
115;143;63;24;2;15:37:37
351;465;69;25;1;15:37:33
114;140;62;24;2;15:37:32
352;466;69;25;1;15:37:28
352;467;68;25;1;15:37:22
111;128;62;24;2;15:37:21
353;467;68;25;1;15:37:17
109;140;62;24;2;15:37:15
354;468;68;25;1;15:37:11
108;141;61;24;2;15:37:10
354;469;68;25;1;15:37:06
108;136;61;24;2;15:37:04
355;469;68;25;1;15:37:00
108;136;61;24;2;15:36:59
353;470;68;25;1;15:36:55
107;141;61;24;2;15:36:53
352;470;68;25;1;15:36:49
107;135;61;24;2;15:36:48
351;470;68;25;1;15:36:44
107;136;60;24;2;15:36:42
349;470;68;25;1;15:36:38
106;134;60;24;2;15:36:37
349;470;68;25;1;15:36:33
104;133;59;24;2;15:36:31
349;470;67;25;1;15:36:27
103;125;59;23;2;15:36:26
348;470;67;25;1;15:36:22
102;137;58;23;2;15:36:20
348;470;67;25;1;15:36:16
101;136;58;23;2;15:36:15
347;470;67;25;1;15:36:11
100;127;58;23;2;15:36:09
347;471;67;25;1;15:36:05
100;121;58;23;2;15:36:04
346;471;67;25;1;15:36:00
100;121;58;23;2;15:35:58
346;471;67;25;1;15:35:54
100;121;57;23;2;15:35:53
345;471;67;25;1;15:35:49
100;118;57;8;2;15:35:47
346;472;67;25;1;15:35:43
100;123;57;23;2;15:35:42
346;472;67;25;1;15:35:38
100;119;57;23;2;15:35:36
346;472;67;25;1;15:35:32
100;116;56;23;2;15:35:31
346;473;66;25;1;15:35:27
101;116;56;23;2;15:35:25
346;473;66;25;1;15:35:21
101;116;55;23;2;15:35:20
346;473;66;25;1;15:35:16
101;120;53;23;2;15:35:14
346;474;66;25;1;15:35:10
100;123;52;23;2;15:35:09
346;475;66;25;1;15:35:05
102;117;49;23;2;15:35:03
346;475;66;25;1;15:34:59
103;121;44;23;2;15:34:58
346;475;66;25;1;15:34:54
114;131;40;23;2;15:34:52
347;475;66;25;1;15:34:48
132;141;40;23;2;15:34:47
347;476;66;25;1;15:34:43
129;136;40;23;2;15:34:41
346;476;66;25;1;15:34:37
128;135;40;23;2;15:34:36
347;477;65;25;1;15:34:35
347;477;65;25;1;15:34:30
347;478;65;25;1;15:34:24
347;478;65;25;1;15:34:19
347;479;65;25;1;15:34:10
121;112;40;24;2;15:34:08
348;479;65;25;1;15:34:04
111;95;40;24;2;15:34:02
348;479;65;25;1;15:33:59
104;98;40;24;2;15:33:57
350;483;64;25;1;15:33:29
351;483;64;25;1;15:33:23
351;484;64;25;1;15:33:18
352;484;63;25;1;15:33:12
352;485;63;25;1;15:33:07
352;485;63;25;1;15:33:01
351;485;63;25;1;15:32:56
351;485;63;25;1;15:32:50
350;485;63;25;1;15:32:45
350;485;62;25;1;15:32:39
350;486;62;25;1;15:32:29
136;107;33;26;2;15:32:29
350;486;62;25;1;15:32:24
96;126;40;26;2;15:32:23
351;487;62;25;1;15:32:18
87;141;41;26;2;15:32:18
351;487;62;25;1;15:32:13
351;487;62;25;1;15:32:12
89;132;0;0;2;15:32:12
352;488;62;25;1;15:32:02
99;116;49;27;2;15:32:01
352;488;61;25;1;15:31:56
107;105;55;27;2;15:31:56
352;489;61;25;1;15:31:55
352;489;61;25;1;15:31:50
352;489;61;25;1;15:31:44
353;490;61;25;1;15:31:39
352;490;61;25;1;15:31:33
352;490;60;25;1;15:31:28
352;490;60;25;1;15:31:22
353;490;60;25;1;15:31:17
353;491;60;25;1;15:31:11
353;491;60;25;1;15:31:06
354;491;59;25;1;15:31:00
354;492;59;25;1;15:30:55
353;492;59;25;1;15:30:49
354;492;59;25;1;15:30:44
355;493;59;25;1;15:30:38
355;493;59;25;1;15:30:32
356;494;58;25;1;15:30:27
356;494;58;25;1;15:30:21
356;494;58;25;1;15:30:16
357;495;58;25;1;15:30:10
357;495;57;25;1;15:30:05
358;495;57;25;1;15:29:59
358;496;57;25;1;15:29:54
358;496;57;25;1;15:29:48
359;496;57;25;1;15:29:43
360;497;57;25;1;15:29:37
360;497;56;25;1;15:29:32
360;497;56;25;1;15:29:26
360;497;56;25;1;15:29:21
361;498;55;25;1;15:29:15
362;498;55;25;1;15:29:10
362;498;55;25;1;15:29:00
214;992;62;27;2;15:28:59
362;498;54;25;1;15:28:54
215;992;61;27;2;15:28:54
361;497;54;25;1;15:28:49
215;992;61;27;2;15:28:48
359;497;54;25;1;15:28:43
216;992;61;27;2;15:28:43
360;497;53;25;1;15:28:38
217;992;61;27;2;15:28:37
359;497;53;25;1;15:28:32
219;992;60;27;2;15:28:32
359;497;53;25;1;15:28:27
220;992;60;27;2;15:28:26
357;496;52;25;1;15:28:21
222;992;60;27;2;15:28:21
356;495;52;25;1;15:28:16
221;992;59;27;2;15:28:15
354;494;52;25;1;15:28:10
222;992;59;27;2;15:28:10
354;494;51;25;1;15:28:05
220;991;59;26;2;15:28:04
355;494;51;25;1;15:27:59
219;991;59;26;2;15:27:59
354;494;51;25;1;15:27:54
220;991;59;26;2;15:27:53
355;494;50;25;1;15:27:48
219;991;59;26;2;15:27:48
355;495;50;25;1;15:27:43
219;991;58;26;2;15:27:42
356;495;50;25;1;15:27:37
219;991;58;26;2;15:27:37
356;495;50;25;1;15:27:32
218;991;58;26;2;15:27:31
357;495;49;25;1;15:27:26
216;991;58;26;2;15:27:26
357;494;49;25;1;15:27:21
357;494;49;25;1;15:27:20
213;995;58;26;2;15:27:20
358;494;48;25;1;15:27:09
358;494;48;25;1;15:27:03
359;494;47;25;1;15:26:57
358;494;47;25;1;15:26:52
358;493;47;25;1;15:26:46
359;493;46;25;1;15:26:41
359;493;46;25;1;15:26:35
360;494;46;25;1;15:26:30
359;494;46;25;1;15:26:24
359;494;46;25;1;15:26:19
358;493;46;25;1;15:26:13
359;494;46;25;1;15:26:08
359;494;46;25;1;15:26:02
359;494;45;25;1;15:25:57
360;495;45;25;1;15:25:51
360;495;45;25;1;15:25:46
361;496;45;25;1;15:25:40
362;496;45;25;1;15:25:35
362;496;45;25;1;15:25:29
363;497;45;25;1;15:25:24
364;497;45;25;1;15:25:18
364;498;45;25;1;15:25:13
365;498;45;25;1;15:25:07
365;499;45;25;1;15:25:02
366;499;45;25;1;15:24:56
367;499;45;25;1;15:24:51
367;500;45;25;1;15:24:45
368;500;45;25;1;15:24:36
368;500;45;25;1;15:24:30
369;501;45;25;1;15:24:29
172;991;53;25;2;15:24:29
370;501;45;25;1;15:24:23
371;502;45;25;1;15:24:18
371;502;45;25;1;15:24:12
372;502;45;25;1;15:24:03
372;502;45;25;1;15:23:57
168;129;55;25;2;15:23:56
372;502;45;25;1;15:23:52
158;127;55;25;2;15:23:51
372;503;45;25;1;15:23:46
158;127;55;25;2;15:23:45
373;503;45;25;1;15:23:41
158;126;55;25;2;15:23:40
373;504;45;25;1;15:23:35
158;127;55;24;2;15:23:34
373;504;44;25;1;15:23:30
158;127;55;24;2;15:23:29
374;504;44;25;1;15:23:24
159;127;56;24;2;15:23:23
374;503;44;25;1;15:23:19
159;128;56;24;2;15:23:18
374;504;44;25;1;15:23:13
159;130;56;24;2;15:23:12
374;504;44;25;1;15:23:08
159;129;56;24;2;15:23:06
375;504;44;25;1;15:23:02
159;130;56;24;2;15:23:01
376;505;44;25;1;15:23:00
375;505;44;25;1;15:22:51
160;132;56;24;2;15:22:50
376;505;44;25;1;15:22:49
376;506;44;25;1;15:22:40
160;132;56;24;2;15:22:39
377;506;44;25;1;15:22:35
159;132;56;24;2;15:22:33
377;506;44;25;1;15:22:29
156;132;56;23;2;15:22:28
377;506;43;25;1;15:22:24
156;131;56;23;2;15:22:22
377;506;43;25;1;15:22:18
156;133;56;23;2;15:22:17
377;506;43;25;1;15:22:13
156;139;56;23;2;15:22:11
377;506;43;25;1;15:22:07
156;971;55;23;2;15:22:06
377;506;43;25;1;15:22:02
156;968;55;23;2;15:22:00
377;506;43;25;1;15:21:56
155;970;54;23;2;15:21:55
377;506;43;25;1;15:21:51
155;965;53;23;2;15:21:49
376;506;43;25;1;15:21:45
155;971;53;23;2;15:21:44
376;507;43;25;1;15:21:40
155;957;51;23;2;15:21:38
375;506;43;25;1;15:21:34
157;970;48;23;2;15:21:33
373;505;43;25;1;15:21:29
155;964;47;23;2;15:21:27
372;504;43;25;1;15:21:23
149;971;45;23;2;15:21:22
372;504;43;25;1;15:21:18
138;972;42;23;2;15:21:16
371;504;43;25;1;15:21:12
130;165;40;23;2;15:21:11
371;503;43;25;1;15:21:10
371;504;43;25;1;15:21:01
80;80;40;23;2;15:21:00
372;504;43;25;1;15:20:56
80;80;40;23;2;15:20:54
372;505;43;25;1;15:20:53
91;86;40;23;2;15:20:49
373;505;43;25;1;15:20:48
374;506;43;25;1;15:20:43
88;86;39;23;2;15:20:43
374;507;43;25;1;15:20:37
375;507;43;25;1;15:20:32
376;507;43;25;1;15:20:26
376;508;43;25;1;15:20:21
377;508;43;25;1;15:20:15
378;509;43;25;1;15:20:10
378;509;43;25;1;15:20:04
379;510;43;25;1;15:19:53
383;513;43;25;1;15:19:25
389;521;43;25;1;15:18:08
389;521;43;25;1;15:18:03
368;521;42;25;1;15:16:57
363;520;42;25;1;15:16:51
358;519;42;25;1;15:16:46
353;517;42;25;1;15:16:40
348;515;42;25;1;15:16:35
343;514;42;25;1;15:16:29
335;510;42;25;1;15:16:24
326;506;42;25;1;15:16:18
315;499;42;25;1;15:16:13
301;488;42;25;1;15:16:07
295;485;42;25;1;15:16:01
290;483;42;25;1;15:15:56
271;475;42;25;1;15:15:34
265;472;42;25;1;15:15:28
236;455;42;25;1;15:15:06
229;450;42;25;1;15:15:01
221;446;42;25;1;15:14:55
210;439;42;25;1;15:14:50
198;430;41;25;1;15:14:44
185;414;42;25;1;15:14:39
172;395;41;25;1;15:14:33
158;372;41;25;1;15:14:28
143;343;41;25;1;15:14:22
130;310;41;25;1;15:14:17
116;268;42;25;1;15:14:11
103;228;42;25;1;15:14:06
95;197;42;25;1;15:14:00
89;180;41;25;1;15:13:55
87;174;41;25;1;15:13:49
87;173;41;25;1;15:13:44
87;172;41;25;1;15:13:38
87;172;41;25;1;15:13:33
87;172;41;25;1;15:13:27
87;172;41;25;1;15:13:22
86;172;41;25;1;15:13:16
86;171;41;25;1;15:13:11
86;171;41;25;1;15:13:05
86;171;41;25;1;15:13:00
86;171;41;25;1;15:12:54
86;171;41;25;1;15:12:49
86;171;42;25;1;15:12:43
86;170;42;25;1;15:12:38
86;170;42;25;1;15:12:32
86;170;42;25;1;15:12:26
86;169;42;25;1;15:12:21
86;169;42;25;1;15:12:15
86;169;42;25;1;15:12:10
86;169;42;25;1;15:12:04
86;169;42;0;1;15:11:59
86;168;42;25;1;15:11:53
86;168;42;25;1;15:11:48
85;168;41;25;1;15:11:42
85;167;42;25;1;15:11:37
85;167;41;25;1;15:11:31
85;167;42;25;1;15:11:26
85;166;42;25;1;15:11:20
85;166;42;25;1;15:11:15
85;165;42;25;1;15:11:09
85;165;42;25;1;15:11:04
85;165;42;25;1;15:10:58
85;165;42;25;1;15:10:53
85;164;42;25;1;15:10:47
85;164;42;25;1;15:10:42
85;164;42;25;1;15:10:36
85;164;42;25;1;15:10:31
85;163;42;25;1;15:10:25
85;163;42;25;1;15:10:20
85;163;42;25;1;15:10:14
85;162;42;25;1;15:10:04
64;91;42;23;2;15:10:04
84;162;42;25;1;15:09:59
64;0;42;22;2;15:09:58
84;162;42;25;1;15:09:53
84;162;42;25;1;15:09:48
0;91;42;23;2;15:09:47
84;161;42;25;1;15:09:42
64;90;42;23;2;15:09:42
84;161;42;25;1;15:09:41
84;160;42;25;1;15:09:36
84;160;42;25;1;15:09:26
64;94;42;23;2;15:09:25
84;160;42;25;1;15:09:20
64;91;42;23;2;15:09:20
84;160;42;25;1;15:09:15
64;91;42;23;2;15:09:14
84;159;42;25;1;15:09:09
64;90;2;23;2;15:09:09
84;159;42;25;1;15:09:04
64;89;42;23;2;15:09:03
84;158;42;25;1;15:08:58
64;90;42;23;2;15:08:58
84;158;42;25;1;15:08:53
64;90;42;23;2;15:08:52
84;158;42;25;1;15:08:47
64;89;42;23;2;15:08:47
84;158;42;25;1;15:08:42
64;90;42;23;2;15:08:41
84;157;42;24;1;15:08:36
64;92;42;23;2;15:08:35
83;156;42;24;1;15:08:31
64;94;42;23;2;15:08:30
84;156;42;24;1;15:08:25
64;92;42;23;2;15:08:24
84;156;42;24;1;15:08:20
64;94;43;23;2;15:08:19
83;155;42;24;1;15:08:14
65;92;43;23;2;15:08:13
83;155;42;24;1;15:08:09
65;100;43;23;2;15:08:08
84;155;42;24;1;15:08:07
84;153;42;24;1;15:07:58
66;103;43;23;2;15:07:57
84;152;42;24;1;15:07:52
66;113;43;23;2;15:07:51
83;151;42;24;1;15:07:47
68;121;42;23;2;15:07:46
83;150;42;24;1;15:07:41
70;114;42;23;2;15:07:40
83;147;42;24;1;15:07:36
86;86;42;23;2;15:07:35
83;147;42;24;1;15:07:34
83;146;42;24;1;15:07:29
82;0;0;24;1;15:07:23
83;143;42;24;1;15:07:18
81;141;42;24;1;15:07:12
81;140;42;24;1;15:07:07
79;139;42;24;1;15:07:01
82;143;42;24;1;15:06:56
82;143;42;24;1;15:06:50
82;143;42;24;1;15:06:45
82;143;42;24;1;15:06:39
81;142;42;24;1;15:06:34
81;142;42;24;1;15:06:28
81;142;42;24;1;15:06:23
81;142;42;24;1;15:06:17
81;141;42;24;1;15:06:12
81;141;42;24;1;15:06:06
81;141;42;24;1;15:06:01
81;141;42;24;1;15:05:55
81;141;42;24;1;15:05:50
81;141;42;24;1;15:05:44
81;141;42;24;1;15:05:39
81;141;42;24;1;15:05:33
81;141;42;24;1;15:05:28
81;141;42;24;1;15:05:22
81;141;42;24;1;15:05:17
81;142;42;24;1;15:05:11
82;142;42;24;1;15:05:05
82;142;42;24;1;15:05:00
82;142;42;24;1;15:04:54
82;142;42;24;1;15:04:49
82;142;42;24;1;15:04:43
82;143;42;24;1;15:04:38
82;143;42;24;1;15:04:32
82;143;42;24;1;15:04:27
83;143;42;24;1;15:04:21
82;142;42;24;1;15:04:16
82;143;42;24;1;15:04:10
82;144;43;24;1;15:04:05
83;145;43;24;1;15:03:59
83;146;43;24;1;15:03:54
84;147;43;24;1;15:03:48
84;148;43;24;1;15:03:43
85;150;43;24;1;15:03:37
85;151;43;24;1;15:03:32
86;152;43;24;1;15:03:26
86;153;43;24;1;15:03:21
87;154;44;24;1;15:03:15
87;156;44;24;1;15:03:10
88;158;44;24;1;15:03:04
89;160;44;24;1;15:02:59
90;161;44;24;1;15:02:53
90;163;44;24;1;15:02:48
91;165;45;24;1;15:02:42
92;167;45;24;1;15:02:37
93;170;45;24;1;15:02:31
94;173;45;24;1;15:02:26
95;177;45;24;1;15:02:20
95;176;46;24;1;15:02:15
98;181;46;24;1;15:02:09
101;189;46;24;1;15:02:04
108;188;46;24;1;15:01:58
111;206;46;24;1;15:01:53
117;202;46;24;1;15:01:47
113;213;46;24;1;15:01:42
128;219;45;24;1;15:01:36
154;235;44;24;1;15:01:31
160;221;43;24;1;15:01:23
96;124;45;24;2;15:01:20
120;163;43;24;1;15:01:17
98;125;45;24;2;15:01:14
87;129;42;24;1;15:01:12
98;125;45;24;2;15:01:09
39;78;0;0;1;15:01:06
98;125;45;24;2;15:01:06
98;125;45;24;2;15:01:00
98;125;45;24;2;15:00:55
98;125;45;24;2;15:00:49
98;125;45;24;2;15:00:44
98;125;45;24;2;15:00:38
98;125;45;24;2;15:00:33
98;125;45;24;2;15:00:27
98;125;45;24;2;15:00:22
98;125;45;24;2;15:00:16
98;125;45;24;2;15:00:11
98;124;45;24;2;15:00:05
98;124;45;24;2;15:00:00
98;124;45;24;2;14:59:54
98;124;45;24;2;14:59:49
97;124;45;24;2;14:59:43
97;124;45;24;2;14:59:38
97;124;45;24;2;14:59:32
97;124;45;24;2;14:59:27
97;124;45;24;2;14:59:21
97;123;45;24;2;14:59:16
97;124;45;24;2;14:59:10
97;123;45;24;2;14:59:05
97;123;45;24;2;14:58:59
97;123;45;24;2;14:58:54
97;123;45;24;2;14:58:48
97;123;45;24;2;14:58:43
97;123;45;24;2;14:58:37
97;123;45;24;2;14:58:32
97;123;45;24;2;14:58:26
97;123;45;24;2;14:58:21
97;123;45;24;2;14:58:15
97;123;45;24;2;14:58:10
97;123;45;24;2;14:58:04
97;123;45;24;2;14:57:59
97;123;45;24;2;14:57:53
97;123;45;24;2;14:57:48
97;123;45;24;2;14:57:42
97;123;45;24;2;14:57:37
97;124;45;24;2;14:57:31
97;123;45;24;2;14:57:26
97;123;45;24;2;14:57:20
97;123;45;24;2;14:57:15
97;123;45;24;2;14:57:09
97;123;45;24;2;14:57:04
97;123;45;24;2;14:56:58
97;124;45;24;2;14:56:53
97;124;45;24;2;14:56:47
97;124;45;24;2;14:56:42
97;125;45;24;2;14:56:36
96;146;45;24;2;14:56:31
96;131;45;24;2;14:56:25
97;130;45;24;2;14:56:20
96;129;45;24;2;14:56:14
96;129;45;24;2;14:56:09
96;128;45;24;2;14:56:03
96;128;45;24;2;14:55:58
96;128;45;24;2;14:55:52
96;128;45;24;2;14:55:47
96;128;45;24;2;14:55:41
96;128;45;24;2;14:55:36
101;195;49;24;1;14:55:31
96;128;45;24;2;14:55:30
101;200;49;24;1;14:55:25
96;128;45;24;2;14:55:24
101;202;49;24;1;14:55:20
96;128;45;24;2;14:55:19
101;202;49;24;1;14:55:14
96;129;45;24;2;14:55:13
101;203;49;24;1;14:55:09
96;129;45;24;2;14:55:08
101;203;49;24;1;14:55:03
96;129;45;24;2;14:55:02
100;203;49;24;1;14:54:58
96;129;45;24;2;14:54:57
100;199;49;24;1;14:54:52
96;129;45;24;2;14:54:51
100;201;49;24;1;14:54:47
96;145;45;24;2;14:54:46
100;202;49;24;1;14:54:41
96;147;45;24;2;14:54:40
100;201;49;24;1;14:54:36
96;129;45;24;2;14:54:35
100;201;49;24;1;14:54:30
96;131;45;24;2;14:54:29
100;202;49;24;1;14:54:25
96;128;45;24;2;14:54:24
100;201;49;24;1;14:54:19
96;128;45;24;2;14:54:19
96;128;45;24;2;14:54:13
100;201;49;24;1;14:54:08
96;128;45;24;2;14:54:07
100;200;49;24;1;14:54:03
96;128;45;24;2;14:54:02
100;202;49;24;1;14:53:57
96;128;45;24;2;14:53:56
100;202;49;24;1;14:53:52
96;128;45;24;2;14:53:51
100;202;49;24;1;14:53:46
96;148;45;24;2;14:53:45
100;202;49;24;1;14:53:41
96;150;45;24;2;14:53:40
100;198;49;24;1;14:53:35
96;147;45;24;2;14:53:34
100;201;49;24;1;14:53:30
96;126;45;24;2;14:53:29
100;200;49;24;1;14:53:24
96;147;45;24;2;14:53:23
100;200;49;24;1;14:53:19
96;130;45;24;2;14:53:18
100;200;49;24;1;14:53:13
96;128;45;24;2;14:53:12
100;200;49;24;1;14:53:08
96;126;45;24;2;14:53:07
100;200;49;24;1;14:53:02
96;126;45;24;2;14:53:01
99;200;49;24;1;14:52:57
96;126;45;24;2;14:52:56
99;198;49;24;1;14:52:51
96;126;45;24;2;14:52:50
99;198;49;24;1;14:52:46
96;126;45;24;2;14:52:45
99;199;49;24;1;14:52:40
96;130;45;24;2;14:52:39
99;198;49;24;1;14:52:35
96;140;45;24;2;14:52:34
99;198;49;24;1;14:52:29
96;129;45;24;2;14:52:28
99;198;49;24;1;14:52:24
96;128;45;24;2;14:52:23
99;198;49;24;1;14:52:18
96;127;45;24;2;14:52:17
99;198;49;24;1;14:52:13
96;127;45;24;2;14:52:12
96;198;49;24;1;14:52:07
96;126;45;24;2;14:52:06
99;198;49;24;1;14:52:02
96;128;45;24;2;14:52:01
99;198;49;24;1;14:51:56
96;128;45;24;2;14:51:55
99;198;49;24;1;14:51:51
96;128;45;24;2;14:51:49
99;199;49;24;1;14:51:45
96;146;45;24;2;14:51:44
99;199;49;24;1;14:51:43
99;199;49;24;1;14:51:34
96;127;45;24;2;14:51:33
99;199;49;24;1;14:51:29
96;124;45;24;2;14:51:27
99;199;49;24;1;14:51:23
96;123;45;24;2;14:51:22
99;200;49;24;1;14:51:18
96;123;45;24;2;14:51:16
99;200;49;24;1;14:51:12
96;122;45;24;2;14:51:11
99;199;49;24;1;14:51:07
96;122;45;24;2;14:51:05
98;198;49;24;1;14:51:01
96;122;45;24;2;14:51:00
98;198;49;24;1;14:50:56
96;121;45;24;2;14:50:54
98;198;49;24;1;14:50:50
96;121;45;24;2;14:50:49
98;199;49;24;1;14:50:45
96;121;45;24;2;14:50:43
98;197;49;24;1;14:50:39
96;121;45;24;2;14:50:38
98;198;49;24;1;14:50:34
96;121;45;24;2;14:50:32
98;199;49;24;1;14:50:28
96;121;45;24;2;14:50:27
98;198;49;24;1;14:50:23
96;121;45;24;2;14:50:21
98;196;49;24;1;14:50:17
96;121;45;24;2;14:50:16
98;196;49;24;1;14:50:12
96;121;45;24;2;14:50:10
98;198;49;24;1;14:50:06
96;121;45;24;2;14:50:05
98;198;49;24;1;14:50:01
96;120;45;24;2;14:49:59
98;197;49;24;1;14:49:55
96;120;45;24;2;14:49:54
98;195;49;24;1;14:49:50
96;120;45;24;2;14:49:48
98;198;49;24;1;14:49:44
96;120;45;24;2;14:49:43
98;198;49;24;1;14:49:39
96;120;45;24;2;14:49:37
97;197;49;24;1;14:49:33
96;120;45;24;2;14:49:32
98;195;49;24;1;14:49:28
96;120;45;24;2;14:49:26
97;195;49;24;1;14:49:22
96;120;45;24;2;14:49:21
97;193;49;24;1;14:49:17
96;120;45;24;2;14:49:15
97;193;49;24;1;14:49:11
95;120;45;24;2;14:49:10
97;194;49;24;1;14:49:06
95;120;45;24;2;14:49:04
97;195;49;24;1;14:49:00
96;119;45;24;2;14:48:59
97;195;49;24;1;14:48:55
96;119;45;24;2;14:48:53
97;195;49;24;1;14:48:49
95;119;45;24;2;14:48:48
97;194;49;24;1;14:48:44
95;119;45;24;2;14:48:42
97;192;49;24;1;14:48:38
95;119;45;24;2;14:48:37
97;193;49;24;1;14:48:33
96;119;45;24;2;14:48:31
97;193;49;24;1;14:48:27
95;119;45;24;2;14:48:26
97;193;49;24;1;14:48:22
95;119;45;24;2;14:48:20
97;192;49;24;1;14:48:16
95;119;45;24;2;14:48:15
97;190;49;24;1;14:48:11
95;120;45;24;2;14:48:09
97;191;49;24;1;14:48:05
95;143;45;24;2;14:48:03
96;191;49;24;1;14:48:00
95;129;45;24;2;14:47:58
97;176;49;24;1;14:47:54
95;146;45;24;2;14:47:52
97;192;49;24;1;14:47:49
95;128;45;24;2;14:47:47
96;189;49;24;1;14:47:43
95;127;45;24;2;14:47:41
96;191;49;24;1;14:47:38
95;126;45;24;2;14:47:36
96;190;49;24;1;14:47:32
95;125;45;24;2;14:47:30
96;191;49;24;1;14:47:27
95;125;45;24;2;14:47:25
96;192;49;24;1;14:47:21
95;124;45;24;2;14:47:19
96;193;49;24;1;14:47:16
95;124;45;24;2;14:47:14
96;192;49;24;1;14:47:10
95;124;33;24;2;14:47:08
96;192;49;24;1;14:47:05
95;123;45;24;2;14:47:03
96;191;49;24;1;14:46:59
95;123;45;24;2;14:46:57
96;191;49;24;1;14:46:54
95;123;45;24;2;14:46:52
96;190;49;24;1;14:46:48
95;122;45;24;2;14:46:46
96;190;49;24;1;14:46:43
95;122;45;24;2;14:46:41
96;191;49;24;1;14:46:37
95;122;45;24;2;14:46:35
96;190;49;24;1;14:46:32
95;122;45;24;2;14:46:30
96;189;49;24;1;14:46:26
95;122;45;24;2;14:46:24
96;191;49;24;1;14:46:21
95;122;45;24;2;14:46:19
96;190;49;24;1;14:46:15
95;122;45;24;2;14:46:13
96;189;49;24;1;14:46:10
95;122;45;24;2;14:46:08
96;188;49;24;1;14:46:04
96;122;45;24;2;14:46:02
95;189;49;24;1;14:45:59
95;149;45;24;2;14:45:57
96;189;49;24;1;14:45:53
95;122;45;24;2;14:45:51
96;190;49;24;1;14:45:48
95;121;45;24;2;14:45:46
96;189;49;24;1;14:45:42
95;120;45;24;2;14:45:40
95;188;49;24;1;14:45:37
95;120;45;24;2;14:45:35
95;188;49;24;1;14:45:31
95;120;45;24;2;14:45:29
95;188;49;24;1;14:45:26
95;120;45;24;2;14:45:24
95;188;49;24;1;14:45:20
96;120;45;24;2;14:45:18
95;187;49;24;1;14:45:15
95;120;45;24;2;14:45:13
95;188;49;24;1;14:45:09
95;120;45;24;2;14:45:07
95;188;49;24;1;14:45:04
95;120;45;24;2;14:45:02
95;188;49;24;1;14:44:58
95;120;45;24;2;14:44:56
95;188;49;24;1;14:44:53
95;119;45;24;2;14:44:51
96;190;49;24;1;14:44:47
95;119;45;24;2;14:44:45
95;189;49;24;1;14:44:42
95;118;45;24;2;14:44:40
95;188;49;24;1;14:44:36
95;118;45;24;2;14:44:34
95;189;49;24;1;14:44:31
95;118;45;24;2;14:44:28
95;190;49;24;1;14:44:25
95;119;45;24;2;14:44:23
95;189;49;24;1;14:44:20
95;128;45;24;2;14:44:17
95;189;49;24;1;14:44:14
95;123;45;24;2;14:44:12
95;186;49;24;1;14:44:09
95;121;45;24;2;14:44:06
94;184;49;24;1;14:44:03
95;120;45;24;2;14:44:01
95;186;49;24;1;14:43:58
95;119;45;24;2;14:43:55
95;187;49;24;1;14:43:52
95;119;45;24;2;14:43:50
94;185;49;24;1;14:43:47
95;118;45;24;2;14:43:44
94;182;33;24;1;14:43:41
95;118;45;24;2;14:43:39
95;184;49;24;1;14:43:36
95;118;45;24;2;14:43:33
94;183;49;24;1;14:43:30
95;117;45;24;2;14:43:28
94;184;49;24;1;14:43:25
95;117;45;24;2;14:43:22
94;184;49;24;1;14:43:19
95;117;45;24;2;14:43:17
94;183;49;24;1;14:43:14
95;117;45;24;2;14:43:11
94;183;49;24;1;14:43:08
95;117;45;24;2;14:43:06
94;183;49;24;1;14:43:03
95;117;45;24;2;14:43:00
94;182;49;24;1;14:42:57
95;117;45;24;2;14:42:55
94;183;49;24;1;14:42:52
95;117;45;24;2;14:42:49
94;182;49;24;1;14:42:46
95;117;45;24;2;14:42:44
94;183;49;24;1;14:42:41
95;117;45;24;2;14:42:38
94;182;49;24;1;14:42:35
95;117;45;24;2;14:42:33
94;182;49;24;1;14:42:30
95;118;45;24;2;14:42:27
94;182;49;24;1;14:42:24
94;146;45;24;2;14:42:22
94;182;49;24;1;14:42:19
95;122;45;24;2;14:42:16
94;182;49;24;1;14:42:13
95;122;45;24;2;14:42:11
94;182;49;24;1;14:42:08
95;121;45;24;2;14:42:05
94;182;49;24;1;14:42:02
95;124;45;24;2;14:42:00
93;182;49;24;1;14:41:57
95;122;45;24;2;14:41:54
93;182;49;24;1;14:41:51
95;121;45;24;2;14:41:49
93;181;49;24;1;14:41:46
95;121;45;24;2;14:41:43
93;181;49;24;1;14:41:40
95;120;45;24;2;14:41:38
93;181;49;24;1;14:41:35
95;119;45;24;2;14:41:32
94;181;49;24;1;14:41:29
95;119;45;24;2;14:41:27
93;181;49;24;1;14:41:24
95;119;45;24;2;14:41:21
93;180;49;24;1;14:41:18
95;119;45;24;2;14:41:16
93;180;49;24;1;14:41:13
95;120;45;24;2;14:41:10
93;180;49;24;1;14:41:07
95;124;45;24;2;14:41:05
93;180;49;24;1;14:41:02
95;125;45;24;2;14:40:59
93;179;49;24;1;14:40:56
95;128;45;24;2;14:40:53
93;179;49;24;1;14:40:51
95;121;45;24;2;14:40:48
93;179;49;24;1;14:40:45
95;120;45;24;2;14:40:42
93;179;49;24;1;14:40:40
95;119;45;24;2;14:40:37
93;178;49;24;1;14:40:34
95;119;33;24;2;14:40:31
93;178;49;24;1;14:40:29
95;118;45;24;2;14:40:26
93;178;49;24;1;14:40:23
95;118;45;24;2;14:40:20
93;178;49;24;1;14:40:18
95;118;45;24;2;14:40:15
93;177;49;24;1;14:40:12
95;118;45;24;2;14:40:09
93;177;49;24;1;14:40:07
95;117;45;24;2;14:40:04
93;177;49;24;1;14:40:01
95;117;45;24;2;14:39:58
93;177;49;24;1;14:39:56
95;117;45;24;2;14:39:53
92;177;49;24;1;14:39:50
95;117;45;24;2;14:39:47
92;177;49;24;1;14:39:45
95;117;45;24;2;14:39:42
92;177;49;24;1;14:39:39
95;117;45;24;2;14:39:36
92;176;49;24;1;14:39:34
95;117;45;24;2;14:39:31
92;176;49;8;1;14:39:28
95;116;45;24;2;14:39:25
92;176;49;24;1;14:39:23
95;116;45;24;2;14:39:20
92;176;49;24;1;14:39:17
95;116;45;24;2;14:39:14
92;176;49;24;1;14:39:12
95;116;45;24;2;14:39:09
92;175;49;24;1;14:39:06
95;116;45;24;2;14:39:03
92;175;49;24;1;14:39:01
95;116;45;24;2;14:38:58
92;175;49;24;1;14:38:55
95;116;45;24;2;14:38:52
92;175;49;24;1;14:38:50
95;116;45;24;2;14:38:47
92;175;49;24;1;14:38:44
95;115;44;24;2;14:38:41
92;175;49;24;1;14:38:39
95;115;44;24;2;14:38:36
91;175;49;24;1;14:38:33
95;115;44;24;2;14:38:30
92;175;49;24;1;14:38:28
95;115;44;24;2;14:38:25
92;175;49;24;1;14:38:22
95;115;44;24;2;14:38:19
92;174;49;24;1;14:38:17
95;117;44;24;2;14:38:14
92;175;49;24;1;14:38:11
95;120;44;24;2;14:38:08
92;175;49;24;1;14:38:06
95;118;44;24;2;14:38:03
92;174;49;24;1;14:38:00
95;117;44;24;2;14:37:57
92;174;49;24;1;14:37:55
95;119;44;24;2;14:37:52
92;174;49;24;1;14:37:49
95;128;44;24;2;14:37:46
92;174;49;24;1;14:37:44
95;126;44;24;2;14:37:41
92;174;49;24;1;14:37:38
95;123;44;24;2;14:37:35
91;174;49;24;1;14:37:33
95;122;44;24;2;14:37:30
92;174;49;24;1;14:37:27
95;121;44;24;2;14:37:24
91;174;49;6;1;14:37:22
95;121;44;24;2;14:37:19
91;174;49;24;1;14:37:16
95;120;44;24;2;14:37:13
91;174;49;24;1;14:37:11
95;120;44;24;2;14:37:07
91;173;49;24;1;14:37:05
95;120;44;24;2;14:37:02
92;173;49;24;1;14:37:00
95;120;44;24;2;14:36:56
92;173;49;24;1;14:36:54
95;120;44;24;2;14:36:51
92;173;49;24;1;14:36:49
95;120;44;24;2;14:36:45
91;173;49;24;1;14:36:43
95;119;44;24;2;14:36:40
92;173;49;24;1;14:36:38
95;119;44;24;2;14:36:34
91;173;49;24;1;14:36:32
95;119;44;24;2;14:36:29
91;172;49;24;1;14:36:27
95;119;44;24;2;14:36:23
91;172;49;24;1;14:36:21
95;119;44;24;2;14:36:18
91;173;49;24;1;14:36:16
95;119;44;24;2;14:36:12
91;173;49;24;1;14:36:10
95;119;44;24;2;14:36:07
90;173;49;24;1;14:36:05
91;172;49;24;1;14:35:59
95;118;44;24;2;14:35:56
91;172;49;24;1;14:35:54
95;118;44;24;2;14:35:50
91;172;49;24;1;14:35:48
95;124;44;24;2;14:35:45
91;172;49;24;1;14:35:43
94;124;44;24;2;14:35:39
91;172;49;24;1;14:35:37
95;124;44;24;2;14:35:34
91;172;49;24;1;14:35:32
95;121;44;24;2;14:35:28
90;172;49;24;1;14:35:26
95;120;44;24;2;14:35:23
91;172;49;24;1;14:35:21
95;120;44;24;2;14:35:17
95;118;44;24;2;14:35:12
90;172;49;24;1;14:35:10
95;117;44;24;2;14:35:06
90;172;49;24;1;14:35:04
95;116;44;24;2;14:35:01
90;172;49;24;1;14:34:59
95;116;44;24;2;14:34:55
90;172;49;24;1;14:34:53
95;116;44;24;2;14:34:50
90;172;49;24;1;14:34:48
95;117;44;24;2;14:34:44
90;171;49;24;1;14:34:42
94;125;44;24;2;14:34:39
90;171;49;24;1;14:34:37
94;122;44;24;2;14:34:33
90;171;49;24;1;14:34:31
95;120;44;24;2;14:34:28
91;171;49;24;1;14:34:26
95;119;44;24;2;14:34:22
90;171;49;24;1;14:34:20
95;118;44;24;2;14:34:17
90;171;49;24;1;14:34:15
95;118;44;24;2;14:34:11
90;171;49;24;1;14:34:09
94;126;44;24;2;14:34:06
90;171;49;24;1;14:34:04
94;121;44;24;2;14:34:00
90;170;49;24;1;14:33:58
94;121;44;24;2;14:33:55
90;170;49;24;1;14:33:53
95;119;44;24;2;14:33:49
91;171;49;24;1;14:33:47
94;122;44;24;2;14:33:44
90;170;49;24;1;14:33:42
95;121;44;24;2;14:33:38
90;170;49;24;1;14:33:36
94;119;44;24;2;14:33:32
90;170;49;24;1;14:33:31
94;119;44;24;2;14:33:27
89;171;49;24;1;14:33:25
95;118;44;24;2;14:33:21
90;171;49;24;1;14:33:20
94;123;44;24;2;14:33:16
90;171;49;24;1;14:33:14
95;117;44;24;2;14:33:10
90;171;49;24;1;14:33:09
95;101;44;24;2;14:33:05
90;171;49;24;1;14:33:03
95;117;44;24;2;14:32:59
89;170;49;24;1;14:32:58
94;123;44;24;2;14:32:54
89;170;49;24;1;14:32:52
95;115;44;24;2;14:32:48
89;170;49;24;1;14:32:47
95;82;44;24;2;14:32:43
89;170;49;24;1;14:32:41
96;81;44;24;2;14:32:37
89;170;49;24;1;14:32:36
95;81;44;24;2;14:32:32
89;169;49;24;1;14:32:30
95;116;44;24;2;14:32:26
89;169;49;24;1;14:32:25
95;116;44;24;2;14:32:21
89;169;49;24;1;14:32:19
95;114;44;24;2;14:32:15
89;168;49;24;1;14:32:14
94;116;44;24;2;14:32:10
90;168;49;24;1;14:32:08
95;112;44;24;2;14:32:04
90;168;49;24;1;14:32:03
95;112;44;24;2;14:31:59
90;168;49;24;1;14:31:57
94;117;44;24;2;14:31:53
89;168;49;24;1;14:31:52
95;116;44;24;2;14:31:48
89;168;49;24;1;14:31:46
95;109;44;24;2;14:31:42
89;167;49;24;1;14:31:41
95;102;44;24;2;14:31:37
89;167;49;24;1;14:31:35
95;92;44;24;2;14:31:31
89;167;49;24;1;14:31:30
95;105;44;24;2;14:31:26
89;167;49;24;1;14:31:24
95;83;44;24;2;14:31:20
89;167;49;24;1;14:31:19
95;82;44;24;2;14:31:15
89;167;49;24;1;14:31:13
95;81;44;24;2;14:31:09
88;167;49;24;1;14:31:08
95;81;44;24;2;14:31:04
89;167;49;24;1;14:31:02
95;80;44;24;2;14:30:58
89;167;49;24;1;14:30:57
95;80;44;24;2;14:30:53
89;167;49;24;1;14:30:51
95;80;44;24;2;14:30:47
89;167;49;24;1;14:30:46
95;80;44;24;2;14:30:42
89;167;49;24;1;14:30:40
95;79;44;24;2;14:30:36
89;167;49;24;1;14:30:35
95;79;44;24;2;14:30:31
88;167;49;24;1;14:30:29
95;79;44;24;2;14:30:25
88;167;49;24;1;14:30:24
95;79;44;24;2;14:30:20
88;167;49;24;1;14:30:18
95;79;44;24;2;14:30:14
88;167;49;24;1;14:30:13
95;78;44;24;2;14:30:09
88;167;49;24;1;14:30:07
95;78;44;24;2;14:30:03
88;167;49;24;1;14:30:02
95;78;44;24;2;14:29:57
89;167;49;24;1;14:29:56
95;78;44;24;2;14:29:52
88;167;49;24;1;14:29:51
95;78;44;24;2;14:29:46
87;166;49;24;1;14:29:45
94;77;44;24;2;14:29:41
89;167;49;24;1;14:29:40
94;77;44;24;2;14:29:35
88;167;49;24;1;14:29:34
94;77;44;24;2;14:29:30
88;167;49;24;1;14:29:29
94;77;44;6;2;14:29:24
88;167;49;24;1;14:29:23
94;77;44;24;2;14:29:19
88;167;49;24;1;14:29:18
94;77;44;24;2;14:29:13
87;167;49;24;1;14:29:12
95;77;44;24;2;14:29:08
87;166;49;24;1;14:29:07
94;77;44;24;2;14:29:02
87;167;49;24;1;14:29:01
94;77;44;24;2;14:28:57
87;166;48;24;1;14:28:56
94;77;44;24;2;14:28:51
87;166;49;24;1;14:28:50
94;77;44;24;2;14:28:46
87;166;49;24;1;14:28:45
94;77;44;24;2;14:28:40
87;166;49;24;1;14:28:39
94;77;44;24;2;14:28:35
87;166;49;24;1;14:28:34
94;77;44;24;2;14:28:29
87;166;49;24;1;14:28:28
94;77;44;24;2;14:28:24
87;165;49;24;1;14:28:23
94;76;44;24;2;14:28:18
87;166;49;24;1;14:28:17
94;76;44;24;2;14:28:13
87;165;49;24;1;14:28:12
94;76;44;24;2;14:28:07
87;165;49;24;1;14:28:06
94;76;44;24;2;14:28:02
88;166;49;24;1;14:28:01
94;76;44;24;2;14:27:56
86;166;49;24;1;14:27:55
94;76;44;24;2;14:27:51
86;166;49;24;1;14:27:50
94;76;44;24;2;14:27:45
88;165;48;24;1;14:27:44
94;76;44;24;2;14:27:40
87;166;49;24;1;14:27:39
94;76;44;24;2;14:27:34
87;166;48;24;1;14:27:33
94;76;44;24;2;14:27:29
87;166;48;24;1;14:27:28
94;76;44;24;2;14:27:23
87;166;48;24;1;14:27:22
94;76;44;24;2;14:27:18
88;165;49;24;1;14:27:17
94;76;44;24;2;14:27:12
87;165;48;24;1;14:27:11
94;77;44;24;2;14:27:07
87;165;48;24;1;14:27:06
94;77;44;24;2;14:27:01
87;166;48;24;1;14:27:00
94;77;44;24;2;14:26:56
87;165;48;24;1;14:26:55
94;77;44;24;2;14:26:50
87;165;49;24;1;14:26:49
94;77;44;24;2;14:26:45
86;165;48;24;1;14:26:44
94;77;44;24;2;14:26:39
87;165;48;24;1;14:26:38
94;77;44;24;2;14:26:34
87;164;48;24;1;14:26:33
94;77;44;24;2;14:26:28
87;164;48;24;1;14:26:27
87;164;48;24;1;14:26:22
94;77;44;24;2;14:26:22
94;77;44;24;2;14:26:17
87;164;48;24;1;14:26:16
87;163;48;24;1;14:26:11
94;77;44;24;2;14:26:11
94;77;44;24;2;14:26:06
87;163;48;24;1;14:26:05
87;163;48;24;1;14:26:00
94;76;44;24;2;14:26:00
94;76;44;24;2;14:25:55
87;163;48;24;1;14:25:54
88;163;48;24;1;14:25:49
94;77;44;24;2;14:25:49
94;76;44;24;2;14:25:44
87;163;48;24;1;14:25:43
86;162;48;24;1;14:25:38
94;77;44;24;2;14:25:38
94;77;44;24;2;14:25:33
87;162;48;24;1;14:25:32
88;162;48;24;1;14:25:27
94;77;44;24;2;14:25:27
94;77;44;24;2;14:25:22
85;162;48;24;1;14:25:21
86;162;48;24;1;14:25:16
94;77;44;24;2;14:25:16
94;77;44;24;2;14:25:11
86;162;48;24;1;14:25:10
86;162;48;24;1;14:25:05
94;77;44;24;2;14:25:05
94;77;44;24;2;14:25:00
85;162;48;24;1;14:24:59
85;162;48;24;1;14:24:54
94;77;44;24;2;14:24:54
94;78;44;24;2;14:24:49
85;162;48;24;1;14:24:48
85;162;48;24;1;14:24:43
94;78;44;24;2;14:24:43
94;78;44;24;2;14:24:38
86;161;48;24;1;14:24:37
85;162;48;24;1;14:24:32
94;80;44;24;2;14:24:32
94;81;44;24;2;14:24:27
86;161;48;24;1;14:24:26
86;160;48;24;1;14:24:21
93;119;44;24;2;14:24:21
94;112;44;24;2;14:24:16
86;160;48;24;1;14:24:15
86;160;48;24;1;14:24:10
94;117;44;24;2;14:24:10
94;107;44;24;2;14:24:05
86;160;48;24;1;14:24:04
86;160;48;24;1;14:23:59
93;113;44;24;2;14:23:59
94;117;44;24;2;14:23:54
85;160;48;24;1;14:23:53
85;160;48;24;1;14:23:48
94;84;44;24;2;14:23:48
94;109;44;24;2;14:23:48
85;160;48;24;1;14:23:42
93;119;44;24;2;14:23:42
85;160;48;24;1;14:23:37
94;109;44;24;2;14:23:37
85;160;48;24;1;14:23:31
85;160;48;24;1;14:23:26
85;159;48;24;1;14:23:20
52428;0;0;24;1;14:20:57
84;159;48;24;1;14:20:51
85;159;48;24;1;14:20:46
85;159;48;24;1;14:20:40
85;159;48;24;1;14:20:35
85;159;48;24;1;14:20:29
85;159;48;24;1;14:20:24
85;159;48;24;1;14:20:18
85;159;48;24;1;14:20:13
85;159;48;24;1;14:20:07
85;159;48;24;1;14:20:02
84;159;48;24;1;14:19:56
85;159;48;24;1;14:19:51
85;159;48;24;1;14:19:45
84;158;48;24;1;14:19:40
84;159;48;24;1;14:19:34
84;159;48;24;1;14:19:29
84;159;48;24;1;14:19:23
84;159;48;24;1;14:19:17
84;158;48;24;1;14:19:12
84;158;48;24;1;14:19:06
84;158;48;24;1;14:19:01
84;158;48;24;1;14:18:55
84;158;48;24;1;14:18:50
84;158;48;24;1;14:18:44
85;158;48;24;1;14:18:39
84;158;48;24;1;14:18:33
85;158;48;24;1;14:18:28
84;158;48;24;1;14:18:22
84;158;48;24;1;14:18:17
84;158;48;24;1;14:18:11
84;158;48;24;1;14:18:06
84;158;48;24;1;14:18:00
84;158;48;24;1;14:17:55
84;158;48;24;1;14:17:49
84;158;48;24;1;14:17:44
84;158;48;24;1;14:17:38
83;158;48;24;1;14:17:33
84;158;48;24;1;14:17:27
84;158;48;24;1;14:17:19
84;158;48;24;1;14:17:16
84;158;48;24;1;14:17:11
84;158;48;24;1;14:17:05
84;158;48;24;1;14:17:00
84;158;48;24;1;14:16:54
84;158;48;24;1;14:16:49
84;158;48;24;1;14:16:43
84;157;48;24;1;14:16:38
84;157;48;24;1;14:16:32
84;157;48;24;1;14:16:22
94;87;43;24;2;14:16:22
83;157;48;24;1;14:16:17
94;116;43;24;2;14:16:16
84;158;48;24;1;14:16:11
94;91;43;24;2;14:16:11
84;158;48;24;1;14:16:06
94;81;43;24;2;14:16:05
84;158;48;24;1;14:16:00
94;82;43;24;2;14:16:00
83;158;48;24;1;14:15:55
94;104;43;24;2;14:15:54
84;158;48;24;1;14:15:49
94;80;43;24;2;14:15:49
82;158;48;24;1;14:15:44
94;91;43;24;2;14:15:43
83;158;48;24;1;14:15:38
94;92;43;24;2;14:15:37
84;158;48;24;1;14:15:33
94;113;43;24;2;14:15:32
83;158;48;24;1;14:15:27
94;89;43;24;2;14:15:26
83;159;48;24;1;14:15:22
94;122;43;24;2;14:15:21
84;159;48;24;1;14:15:16
94;105;43;24;2;14:15:15
83;159;48;24;1;14:15:11
94;110;43;24;2;14:15:10
83;159;48;24;1;14:15:05
94;94;43;24;2;14:15:04
83;159;48;24;1;14:15:00
94;107;43;24;2;14:14:59
84;159;48;24;1;14:14:54
94;118;43;24;2;14:14:53
83;159;48;24;1;14:14:49
94;115;43;24;2;14:14:48
83;159;48;24;1;14:14:43
94;114;43;24;2;14:14:42
84;159;48;24;1;14:14:38
94;106;43;24;2;14:14:37
83;159;48;24;1;14:14:32
94;106;43;24;2;14:14:31
83;159;48;24;1;14:14:27
94;117;43;24;2;14:14:26
83;159;48;24;1;14:14:21
94;113;43;24;2;14:14:20
84;159;48;24;1;14:14:16
94;111;43;24;2;14:14:15
83;159;48;24;1;14:14:10
94;89;43;24;2;14:14:09
83;159;48;24;1;14:14:05
94;112;43;24;2;14:14:04
83;159;48;24;1;14:13:59
94;115;43;24;2;14:13:58
83;159;48;24;1;14:13:54
94;112;43;24;2;14:13:53
83;159;48;24;1;14:13:48
94;107;43;24;2;14:13:47
83;159;48;24;1;14:13:43
94;118;43;24;2;14:13:42
83;159;48;24;1;14:13:37
94;113;43;24;2;14:13:36
83;159;48;24;1;14:13:32
94;105;43;24;2;14:13:31
83;159;48;24;1;14:13:26
94;104;43;24;2;14:13:25
83;159;48;24;1;14:13:21
94;119;43;24;2;14:13:20
83;159;48;24;1;14:13:15
94;111;43;24;2;14:13:14
83;159;48;24;1;14:13:10
94;112;43;24;2;14:13:09
83;160;48;24;1;14:13:04
94;110;43;24;2;14:13:03
83;159;48;24;1;14:12:59
94;121;43;24;2;14:12:58
83;159;48;24;1;14:12:53
94;106;43;24;2;14:12:52
82;159;48;24;1;14:12:48
95;84;43;24;2;14:12:47
82;159;48;24;1;14:12:42
94;106;43;24;2;14:12:41
82;159;48;24;1;14:12:37
94;92;43;24;2;14:12:36
82;159;48;24;1;14:12:31
94;105;43;24;2;14:12:30
82;159;48;24;1;14:12:26
94;90;43;24;2;14:12:25
82;159;48;24;1;14:12:20
94;89;43;24;2;14:12:19
82;159;48;24;1;14:12:15
95;89;43;24;2;14:12:14
82;159;48;24;1;14:12:09
94;107;43;24;2;14:12:08
82;159;48;24;1;14:12:04
95;94;43;24;2;14:12:02
82;159;48;24;1;14:11:58
94;105;43;24;2;14:11:57
82;159;48;24;1;14:11:53
94;110;43;24;2;14:11:51
82;159;48;24;1;14:11:47
95;84;0;24;2;14:11:46
82;159;48;24;1;14:11:42
95;94;43;24;2;14:11:40
82;159;48;24;1;14:11:36
94;120;43;24;2;14:11:35
82;159;48;24;1;14:11:31
94;132;43;24;2;14:11:29
82;159;48;24;1;14:11:25
94;111;43;24;2;14:11:24
82;159;48;24;1;14:11:20
94;110;43;24;2;14:11:18
82;159;48;24;1;14:11:14
94;110;43;24;2;14:11:13
82;159;48;24;1;14:11:09
94;109;43;24;2;14:11:07
82;159;48;24;1;14:11:03
94;109;43;24;2;14:11:02
82;160;48;24;1;14:10:58
94;109;43;24;2;14:10:56
82;160;48;24;1;14:10:52
94;109;43;24;2;14:10:51
82;159;48;24;1;14:10:47
95;109;43;24;2;14:10:45
82;159;48;24;1;14:10:41
94;109;43;24;2;14:10:40
82;159;48;24;1;14:10:36
94;109;43;24;2;14:10:34
82;159;48;24;1;14:10:30
94;109;43;24;2;14:10:29
82;159;48;24;1;14:10:25
94;109;43;24;2;14:10:23
82;160;48;24;1;14:10:19
95;109;43;24;2;14:10:18
82;160;48;24;1;14:10:14
95;109;43;24;2;14:10:12
82;160;48;24;1;14:10:08
95;108;43;24;2;14:10:07
82;160;48;24;1;14:10:03
95;108;43;24;2;14:10:01
82;160;48;24;1;14:09:57
95;108;43;24;2;14:09:56
82;160;48;24;1;14:09:52
94;108;43;24;2;14:09:50
81;159;48;24;1;14:09:46
95;108;43;24;2;14:09:45
81;160;48;24;1;14:09:41
95;108;43;24;2;14:09:39
81;160;48;24;1;14:09:35
94;108;43;24;2;14:09:34
81;160;48;24;1;14:09:30
94;108;43;24;2;14:09:28
81;160;48;24;1;14:09:24
94;108;43;24;2;14:09:23
81;160;48;24;1;14:09:19
94;108;43;24;2;14:09:17
81;160;48;24;1;14:09:13
94;108;43;24;2;14:09:12
81;160;48;24;1;14:09:08
94;108;43;24;2;14:09:06
81;160;48;24;1;14:09:02
94;108;43;24;2;14:09:01
81;160;48;24;1;14:08:57
94;108;43;24;2;14:08:55
81;160;48;24;1;14:08:51
94;108;43;24;2;14:08:50
81;160;48;24;1;14:08:46
94;108;43;24;2;14:08:44
81;161;48;24;1;14:08:40
94;108;43;24;2;14:08:39
81;161;48;24;1;14:08:35
94;109;43;24;2;14:08:33
81;160;48;24;1;14:08:29
94;109;43;24;2;14:08:27
81;160;48;24;1;14:08:24
94;109;43;24;2;14:08:22
81;160;48;24;1;14:08:18
94;110;43;24;2;14:08:16
81;160;48;24;1;14:08:13
94;114;43;24;2;14:08:11
81;160;48;24;1;14:08:07
94;110;43;24;2;14:08:05
81;160;48;24;1;14:08:02
94;112;43;24;2;14:08:00
81;160;48;24;1;14:07:56
94;109;43;24;2;14:07:54
81;160;48;24;1;14:07:51
94;109;43;24;2;14:07:49
81;161;48;24;1;14:07:45
94;108;43;24;2;14:07:43
81;161;48;24;1;14:07:40
94;108;43;24;2;14:07:38
81;161;48;24;1;14:07:34
94;107;43;24;2;14:07:32
81;160;48;24;1;14:07:29
94;107;43;24;2;14:07:27
81;160;48;24;1;14:07:23
94;106;43;24;2;14:07:21
80;160;48;24;1;14:07:18
94;106;43;6;2;14:07:16
81;160;48;24;1;14:07:12
94;106;43;24;2;14:07:10
80;160;48;24;1;14:07:07
94;106;43;24;2;14:07:05
81;160;48;24;1;14:07:01
94;106;43;24;2;14:06:59
80;160;48;24;1;14:06:56
94;106;43;24;2;14:06:54
81;160;48;24;1;14:06:50
94;106;43;24;2;14:06:48
81;160;48;24;1;14:06:45
94;105;43;24;2;14:06:43
80;160;48;24;1;14:06:39
94;105;43;24;2;14:06:37
80;160;48;24;1;14:06:34
94;105;43;24;2;14:06:32
80;160;48;24;1;14:06:28
94;105;43;24;2;14:06:26
80;160;48;24;1;14:06:23
94;105;43;24;2;14:06:21
80;160;48;24;1;14:06:17
94;106;43;24;2;14:06:15
80;160;48;24;1;14:06:12
94;110;43;24;2;14:06:10
80;160;48;24;1;14:06:06
95;108;43;24;2;14:06:04
80;160;48;24;1;14:06:01
95;108;43;24;2;14:05:59
80;160;48;24;1;14:05:55
95;112;43;24;2;14:05:53
80;160;48;24;1;14:05:50
94;114;43;24;2;14:05:48
80;160;48;24;1;14:05:44
95;106;43;24;2;14:05:42
80;160;48;24;1;14:05:39
95;105;43;24;2;14:05:37
80;160;48;24;1;14:05:33
95;105;43;24;2;14:05:31
80;159;48;24;1;14:05:28
95;104;43;24;2;14:05:26
80;160;48;24;1;14:05:22
96;104;43;24;2;14:05:20
80;160;48;24;1;14:05:17
95;112;43;24;2;14:05:15
80;160;48;24;1;14:05:11
0;110;43;24;2;14:05:09
80;160;48;24;1;14:05:05
96;112;43;24;2;14:05:03
80;160;48;24;1;14:05:00
96;111;43;24;2;14:04:58
80;160;48;24;1;14:04:54
97;110;43;24;2;14:04:52
80;160;48;24;1;14:04:49
97;110;43;24;2;14:04:47
80;160;48;24;1;14:04:43
98;110;43;24;2;14:04:41
80;160;48;24;1;14:04:38
99;109;43;24;2;14:04:36
80;160;48;24;1;14:04:32
100;108;43;24;2;14:04:30
80;160;48;24;1;14:04:27
101;108;43;24;2;14:04:25
80;160;48;24;1;14:04:21
104;106;43;24;2;14:04:19
80;160;48;24;1;14:04:16
105;105;43;24;2;14:04:14
80;160;48;24;1;14:04:10
107;105;43;24;2;14:04:08
80;160;48;24;1;14:04:05
108;104;43;24;2;14:04:03
80;160;48;24;1;14:03:59
109;104;43;24;2;14:03:57
80;161;48;24;1;14:03:54
111;111;43;24;2;14:03:52
80;161;48;24;1;14:03:48
111;105;43;24;2;14:03:46
80;161;48;24;1;14:03:43
113;104;43;24;2;14:03:41
80;161;48;24;1;14:03:37
113;103;43;24;2;14:03:35
80;160;48;24;1;14:03:32
115;103;43;24;2;14:03:30
80;161;48;24;1;14:03:26
116;102;43;24;2;14:03:24
80;161;48;24;1;14:03:21
111;102;43;24;2;14:03:19
80;161;48;24;1;14:03:15
118;102;43;24;2;14:03:13
80;161;48;24;1;14:03:10
118;102;43;24;2;14:03:08
80;161;48;24;1;14:03:04
118;101;43;24;2;14:03:02
80;161;48;24;1;14:02:59
119;101;43;24;2;14:02:57
80;161;48;24;1;14:02:53
119;101;43;24;2;14:02:51
80;161;48;24;1;14:02:48
119;101;43;24;2;14:02:46
80;161;48;24;1;14:02:42
121;101;43;24;2;14:02:40
79;161;48;24;1;14:02:37
119;101;43;24;2;14:02:35
80;161;48;24;1;14:02:31
121;100;43;24;2;14:02:29
80;161;48;24;1;14:02:26
121;100;43;24;2;14:02:24
79;161;48;24;1;14:02:20
121;100;43;24;2;14:02:18
79;161;48;24;1;14:02:15
122;100;43;24;2;14:02:13
80;161;48;24;1;14:02:09
122;100;43;24;2;14:02:07
80;161;48;24;1;14:02:04
122;100;43;24;2;14:02:02
79;161;48;24;1;14:01:58
122;100;43;24;2;14:01:56
79;161;48;24;1;14:01:53
123;100;43;24;2;14:01:51
79;162;48;24;1;14:01:47
123;100;43;24;2;14:01:45
79;162;48;24;1;14:01:42
124;99;43;24;2;14:01:40
79;162;48;24;1;14:01:36
125;99;43;24;2;14:01:34
79;162;48;24;1;14:01:31
123;99;43;24;2;14:01:29
79;161;48;24;1;14:01:25
122;99;43;24;2;14:01:23
79;161;48;24;1;14:01:20
119;99;43;24;2;14:01:17
79;161;48;24;1;14:01:14
120;99;43;24;2;14:01:12
79;161;48;24;1;14:01:09
119;99;43;24;2;14:01:06
79;161;48;24;1;14:01:03
111;99;43;24;2;14:01:01
79;161;48;24;1;14:00:58
111;99;43;24;2;14:00:55
79;162;48;24;1;14:00:52
110;99;43;24;2;14:00:50
79;162;48;24;1;14:00:47
110;99;43;24;2;14:00:44
79;161;48;24;1;14:00:41
110;99;43;24;2;14:00:39
79;161;48;24;1;14:00:36
110;99;43;24;2;14:00:33
79;161;48;24;1;14:00:30
118;99;43;24;2;14:00:28
79;162;48;23;1;14:00:25
117;98;43;24;2;14:00:22
79;162;48;24;1;14:00:19
117;98;43;24;2;14:00:17
79;162;48;24;1;14:00:14
114;98;43;24;2;14:00:11
79;162;48;23;1;14:00:08
117;99;43;24;2;14:00:06
79;162;48;23;1;14:00:03
117;98;43;24;2;14:00:00
79;162;48;24;1;13:59:57
119;98;43;24;2;13:59:55
79;162;48;23;1;13:59:52
121;98;43;24;2;13:59:49
79;163;48;23;1;13:59:46
107;98;43;24;2;13:59:44
79;163;48;23;1;13:59:41
106;98;43;24;2;13:59:38
79;163;48;24;1;13:59:35
105;98;43;24;2;13:59:33
79;163;48;23;1;13:59:30
104;98;43;24;2;13:59:27
79;163;48;23;1;13:59:24
104;98;43;24;2;13:59:22
79;163;48;23;1;13:59:19
103;98;43;24;2;13:59:16
79;164;48;23;1;13:59:13
103;98;43;24;2;13:59:11
79;164;48;23;1;13:59:08
103;98;43;24;2;13:59:05
79;164;48;23;1;13:59:02
103;98;42;24;2;13:59:00
79;164;48;23;1;13:58:57
103;97;42;24;2;13:58:54
79;164;48;23;1;13:58:51
103;97;42;24;2;13:58:49
79;165;48;23;1;13:58:48
79;165;48;23;1;13:58:40
102;97;42;24;2;13:58:38
79;165;48;23;1;13:58:35
102;97;42;24;2;13:58:32
79;165;48;23;1;13:58:29
101;97;42;24;2;13:58:27
79;165;48;23;1;13:58:24
79;166;48;23;1;13:58:18
101;97;42;24;2;13:58:16
79;166;48;23;1;13:58:15
79;166;48;23;1;13:58:07
101;97;42;24;2;13:58:05
79;166;48;23;1;13:58:02
101;97;42;24;2;13:57:59
78;166;48;23;1;13:57:56
101;97;42;24;2;13:57:53
79;166;48;23;1;13:57:51
101;97;42;24;2;13:57:48
79;166;48;23;1;13:57:45
101;97;42;24;2;13:57:42
78;167;48;23;1;13:57:40
100;97;42;24;2;13:57:37
78;167;48;23;1;13:57:34
100;97;42;24;2;13:57:31
79;166;48;23;1;13:57:29
100;97;42;24;2;13:57:26
78;167;48;23;1;13:57:23
100;96;42;24;2;13:57:20
78;167;48;23;1;13:57:18
100;96;42;24;2;13:57:15
78;167;48;23;1;13:57:12
100;96;42;24;2;13:57:09
78;167;48;23;1;13:57:07
100;96;42;24;2;13:57:04
78;167;48;23;1;13:57:03
78;167;48;23;1;13:56:58
78;167;48;23;1;13:56:50
0;0;32;8;2;13:56:47
78;167;48;23;1;13:56:45
100;96;42;24;2;13:56:42
78;167;48;23;1;13:56:39
101;95;42;24;2;13:56:36
78;167;48;23;1;13:56:34
100;95;42;24;2;13:56:31
78;167;48;23;1;13:56:28
100;95;42;24;2;13:56:25
78;168;48;23;1;13:56:23
101;95;42;24;2;13:56:20
78;168;48;23;1;13:56:17
100;95;42;24;2;13:56:14
78;168;48;23;1;13:56:12
100;95;34;24;2;13:56:09
78;168;48;23;1;13:56:06
100;95;42;24;2;13:56:03
78;168;48;23;1;13:56:01
100;95;42;24;2;13:55:58
78;168;48;23;1;13:55:55
100;95;42;24;2;13:55:52
78;168;48;23;1;13:55:50
100;95;42;24;2;13:55:47
78;168;48;23;1;13:55:44
100;95;42;24;2;13:55:41
78;168;48;23;1;13:55:39
100;95;42;24;2;13:55:36
78;168;48;23;1;13:55:33
100;95;42;24;2;13:55:30
78;168;48;23;1;13:55:28
100;95;42;24;2;13:55:25
78;169;48;23;1;13:55:22
100;95;43;24;2;13:55:19
78;168;48;23;1;13:55:17
100;95;43;24;2;13:55:14
78;168;48;23;1;13:55:11
100;95;43;24;2;13:55:08
78;168;48;23;1;13:55:06
99;95;43;24;2;13:55:03
78;168;48;23;1;13:55:00
99;95;43;24;2;13:54:57
78;168;48;23;1;13:54:55
99;95;43;24;2;13:54:52
78;168;48;23;1;13:54:49
99;95;43;24;2;13:54:46
78;169;48;23;1;13:54:44
99;95;43;24;2;13:54:41
78;169;48;23;1;13:54:38
99;95;43;24;2;13:54:35
78;169;48;23;1;13:54:33
99;95;43;24;2;13:54:30
78;169;48;23;1;13:54:27
99;95;43;24;2;13:54:24
78;169;48;23;1;13:54:22
99;94;43;24;2;13:54:18
78;170;48;23;1;13:54:16
99;94;43;24;2;13:54:13
78;170;48;23;1;13:54:11
100;94;0;0;2;13:54:07
78;170;48;23;1;13:54:05
101;94;43;24;2;13:54:02
78;170;48;23;1;13:54:00
101;94;43;24;2;13:53:56
78;170;48;23;1;13:53:54
100;94;43;24;2;13:53:51
78;170;48;23;1;13:53:50
78;170;48;23;1;13:53:43
97;94;43;24;2;13:53:40
78;170;48;23;1;13:53:38
78;171;48;23;1;13:53:34
78;171;48;23;1;13:53:28
78;171;48;23;1;13:53:23
78;171;48;23;1;13:53:17
78;172;48;23;1;13:53:12
78;172;48;23;1;13:53:06
78;172;48;23;1;13:53:01
78;172;48;23;1;13:52:55
78;172;48;23;1;13:52:50
78;172;48;23;1;13:52:44
78;172;48;23;1;13:52:39
78;172;48;23;1;13:52:33
78;172;48;23;1;13:52:28
78;172;48;23;1;13:52:22
78;172;48;23;1;13:52:17
78;172;48;23;1;13:52:11
78;172;48;23;1;13:52:06
78;172;48;23;1;13:52:00
78;172;48;23;1;13:51:53
78;173;48;23;1;13:51:49
78;173;48;23;1;13:51:42
78;173;48;23;1;13:51:38
78;173;48;23;1;13:51:33
78;173;48;23;1;13:51:27
78;173;48;23;1;13:51:20
78;173;48;23;1;13:51:16
78;173;48;23;1;13:51:11
78;173;48;23;1;13:51:05
78;173;48;23;1;13:51:00
78;174;48;23;1;13:50:54
78;174;48;23;1;13:50:48
78;174;48;23;1;13:50:43
78;174;48;23;1;13:50:37
78;174;48;23;1;13:50:32
78;174;48;23;1;13:50:25
78;173;48;23;1;13:50:21
78;173;48;23;1;13:50:14
95;92;43;5;2;13:50:10
78;173;48;23;1;13:50:09
78;173;48;23;1;13:50:03
95;92;43;23;2;13:49:59
78;173;48;23;1;13:49:58
95;92;43;23;2;13:49:54
78;173;48;23;1;13:49:52
78;174;48;23;1;13:49:48
95;91;43;23;2;13:49:48
78;174;48;23;1;13:49:42
78;175;48;23;1;13:49:37
78;176;48;23;1;13:49:31
78;176;48;23;1;13:49:26
78;176;48;23;1;13:49:19
94;91;43;23;2;13:49:15
78;177;48;23;1;13:49:14
94;91;43;23;2;13:49:10
78;177;48;23;1;13:49:08
94;91;43;23;2;13:49:08
94;91;43;5;2;13:48:59
78;178;48;23;1;13:48:57
93;91;43;23;2;13:48:53
78;178;48;23;1;13:48:52
93;91;43;23;2;13:48:48
78;178;48;23;1;13:48:46
92;91;43;23;2;13:48:42
78;178;48;23;1;13:48:41
91;91;43;23;2;13:48:37
78;179;48;23;1;13:48:35
90;91;43;23;2;13:48:31
78;179;48;23;1;13:48:30
90;91;43;23;2;13:48:26
78;179;48;23;1;13:48:24
90;90;43;23;2;13:48:20
78;179;48;23;1;13:48:19
90;90;43;23;2;13:48:15
78;179;48;23;1;13:48:13
89;90;43;23;2;13:48:09
78;179;48;23;1;13:48:08
89;90;43;23;2;13:48:04
78;179;48;23;1;13:48:02
90;90;43;23;2;13:47:58
78;179;48;23;1;13:47:57
89;90;43;23;2;13:47:53
78;179;48;23;1;13:47:51
88;90;43;23;2;13:47:47
78;179;48;23;1;13:47:46
88;90;43;23;2;13:47:42
78;179;48;23;1;13:47:40
87;90;43;23;2;13:47:36
78;180;48;23;1;13:47:35
87;90;43;23;2;13:47:31
78;180;48;23;1;13:47:29
87;90;43;23;2;13:47:25
78;181;48;23;1;13:47:24
78;181;48;23;1;13:47:19
87;90;43;23;2;13:47:19
78;181;47;23;1;13:47:13
87;89;43;23;2;13:47:08
78;181;48;23;1;13:47:07
87;89;43;23;2;13:47:03
79;182;47;23;1;13:47:02
87;89;43;23;2;13:46:57
64;182;47;23;1;13:46:56
87;89;43;23;2;13:46:52
79;182;47;23;1;13:46:51
87;89;43;23;2;13:46:46
79;182;47;23;1;13:46:45
86;89;43;23;2;13:46:41
79;182;47;23;1;13:46:40
86;89;43;23;2;13:46:35
79;182;47;23;1;13:46:34
86;89;43;23;2;13:46:30
79;182;47;23;1;13:46:29
87;89;43;23;2;13:46:24
79;183;47;23;1;13:46:23
86;89;43;23;2;13:46:19
79;183;47;23;1;13:46:18
87;89;43;23;2;13:46:13
79;183;47;23;1;13:46:12
87;89;43;23;2;13:46:08
79;183;47;23;1;13:46:07
88;89;43;23;2;13:46:02
79;183;47;23;1;13:46:01
88;89;43;23;2;13:45:57
79;182;47;23;1;13:45:56
87;89;43;23;2;13:45:51
79;182;47;23;1;13:45:50
86;88;43;23;2;13:45:46
79;183;47;23;1;13:45:45
86;88;43;23;2;13:45:40
79;183;47;23;1;13:45:39
85;88;43;23;2;13:45:35
79;184;47;23;1;13:45:34
84;80;43;23;2;13:45:29
79;184;47;23;1;13:45:28
85;88;43;23;2;13:45:24
79;184;47;23;1;13:45:23
83;88;43;23;2;13:45:18
79;184;47;23;1;13:45:17
83;88;43;23;2;13:45:13
80;185;47;23;1;13:45:12
83;88;43;23;2;13:45:07
80;185;47;23;1;13:45:06
82;88;43;0;2;13:45:02
80;185;47;23;1;13:45:01
82;88;43;2;2;13:44:56
80;185;47;23;1;13:44:55
81;88;43;23;2;13:44:51
80;185;47;23;1;13:44:50
81;88;43;23;2;13:44:45
80;186;47;23;1;13:44:44
81;88;43;23;2;13:44:40
80;186;47;23;1;13:44:39
81;88;43;23;2;13:44:34
80;186;47;23;1;13:44:33
81;88;43;23;2;13:44:29
80;186;47;23;1;13:44:28
81;88;43;23;2;13:44:23
80;187;47;23;1;13:44:22
80;88;43;23;2;13:44:18
80;187;47;23;1;13:44:17
80;88;43;23;2;13:44:12
81;187;47;23;1;13:44:11
80;88;44;22;2;13:44:07
81;188;47;23;1;13:44:06
81;88;44;22;2;13:44:01
81;188;47;23;1;13:44:00
81;188;47;23;1;13:43:55
80;88;44;22;2;13:43:55
81;88;44;22;2;13:43:50
82;189;47;23;1;13:43:49
81;190;47;23;1;13:43:44
81;88;44;22;2;13:43:44
81;88;44;22;2;13:43:39
82;191;47;23;1;13:43:38
83;192;47;23;1;13:43:33
82;89;44;22;2;13:43:33
80;88;44;22;2;13:43:28
81;192;47;23;1;13:43:27
80;194;47;23;1;13:43:22
86;89;44;22;2;13:43:22
87;89;44;22;2;13:43:17
83;193;47;23;1;13:43:16
87;193;47;23;1;13:43:11
93;89;44;22;2;13:43:11
96;89;44;22;2;13:43:06
86;195;47;23;1;13:43:05
80;195;47;23;1;13:43:00
96;89;44;22;2;13:43:00
99;89;44;22;2;13:42:55
82;196;47;23;1;13:42:54
81;205;47;23;1;13:42:49
99;88;44;22;2;13:42:49
102;88;44;22;2;13:42:44
80;202;0;23;1;13:42:43
84;204;47;23;1;13:42:38
97;88;44;22;2;13:42:38
83;206;47;23;1;13:42:32
82;209;47;23;1;13:42:27
99;87;44;22;2;13:42:27
94;87;44;22;2;13:42:22
86;207;47;23;1;13:42:21
85;220;47;23;1;13:42:16
89;87;44;22;2;13:42:16
86;88;44;22;2;13:42:11
87;209;47;23;1;13:42:10
91;212;47;23;1;13:42:05
83;90;44;22;2;13:42:05
82;89;44;22;2;13:42:05
102;218;47;23;1;13:41:59
95;230;47;23;1;13:41:54
95;194;47;23;1;13:41:48
106;11;47;5;1;13:41:43
129;218;47;23;1;13:41:37
136;237;47;23;1;13:41:32
140;265;47;23;1;13:41:26
188;263;47;23;1;13:41:21
201;237;47;23;1;13:41:15
45;50;0;0;1;13:41:00
105;112;48;23;2;13:35:04
102;109;48;23;2;13:34:59
102;109;48;23;2;13:34:53
101;109;48;23;2;13:34:47
101;108;48;23;2;13:34:37
100;108;48;23;2;13:34:31
100;107;48;23;2;13:34:26
100;107;48;23;2;13:34:20
100;107;48;23;2;13:34:15
100;107;48;23;2;13:34:09
101;108;48;23;2;13:34:01
100;107;48;23;2;13:33:55
63;85;0;0;1;13:33:53
101;108;48;23;2;13:33:50
63;86;0;0;1;13:33:48
100;107;48;23;2;13:33:44
63;87;99;23;1;13:33:42
100;107;48;23;2;13:33:39
64;88;99;23;1;13:33:37
100;107;48;23;2;13:33:33
64;89;99;23;1;13:33:31
100;108;48;23;2;13:33:28
66;91;99;23;1;13:33:26
100;108;48;23;2;13:33:22
69;96;96;23;1;13:33:20
100;108;48;23;2;13:33:17
76;105;49;23;1;13:33:15
101;108;48;23;2;13:33:11
86;114;48;23;1;13:33:09
101;108;48;23;2;13:33:06
93;119;48;23;1;13:33:04
101;108;48;0;2;13:33:00
96;122;48;23;1;13:32:58
101;109;48;23;2;13:32:55
97;123;48;23;1;13:32:53
102;109;48;23;2;13:32:49
97;123;48;23;1;13:32:47
102;109;48;23;2;13:32:44
97;123;48;23;1;13:32:43
97;123;48;23;1;13:32:36
101;108;48;23;2;13:32:33
96;123;48;23;1;13:32:31
101;108;48;23;2;13:32:27
96;123;48;23;1;13:32:25
101;108;48;23;2;13:32:22
96;122;48;23;1;13:32:20
103;110;48;23;2;13:32:16
95;121;48;23;1;13:32:14
105;112;48;23;2;13:32:11
95;121;48;23;1;13:32:09
106;113;48;23;2;13:32:05
94;120;48;23;1;13:32:03
106;112;48;23;2;13:32:00
94;119;49;23;1;13:31:58
109;116;48;23;2;13:31:54
93;118;49;23;1;13:31:52
108;114;48;23;2;13:31:49
92;117;49;23;1;13:31:47
108;115;48;23;2;13:31:43
91;116;49;23;1;13:31:41
105;112;48;23;2;13:31:38
91;115;49;23;1;13:31:36
106;113;48;23;2;13:31:32
90;114;48;23;1;13:31:30
106;113;48;23;2;13:31:27
89;113;49;23;1;13:31:25
105;112;48;23;2;13:31:21
88;112;49;23;1;13:31:19
106;113;48;23;2;13:31:16
87;111;49;23;1;13:31:14
107;114;48;23;2;13:31:10
86;110;49;23;1;13:31:08
107;114;48;23;2;13:31:05
85;109;49;23;1;13:31:03
107;115;48;23;2;13:30:59
85;108;49;23;1;13:30:57
105;112;48;23;2;13:30:53
83;107;49;23;1;13:30:52
103;110;48;23;2;13:30:48
82;106;49;23;1;13:30:46
103;110;48;23;2;13:30:42
80;106;49;23;1;13:30:41
106;113;48;23;2;13:30:37
78;106;49;23;1;13:30:35
108;115;48;23;2;13:30:31
76;110;49;23;1;13:30:30
107;114;48;23;2;13:30:26
76;118;49;23;1;13:30:24
107;114;48;23;2;13:30:20
75;118;49;23;1;13:30:19
111;118;48;23;2;13:30:15
75;118;49;23;1;13:30:13
106;113;48;23;2;13:30:09
75;118;49;23;1;13:30:08
113;119;48;23;2;13:30:04
75;118;49;23;1;13:30:02
114;121;48;23;2;13:29:58
76;118;49;23;1;13:29:57
105;112;48;23;2;13:29:53
76;118;49;23;1;13:29:51
103;110;48;23;2;13:29:47
76;118;49;23;1;13:29:46
103;110;48;23;2;13:29:42
75;118;49;23;1;13:29:40
102;110;48;23;2;13:29:36
74;118;49;23;1;13:29:35
108;115;48;23;2;13:29:31
74;118;49;23;1;13:29:29
106;113;48;23;2;13:29:25
74;118;49;23;1;13:29:24
108;115;48;23;2;13:29:20
74;118;49;23;1;13:29:19
74;118;49;23;1;13:29:14
75;118;49;23;1;13:29:08
75;118;49;23;1;13:29:03
75;118;49;23;1;13:28:57
74;118;49;23;1;13:28:52
74;118;49;23;1;13:28:46
74;118;49;23;1;13:28:41
74;118;49;23;1;13:28:35
73;118;49;23;1;13:28:30
73;118;49;23;1;13:28:24
73;118;49;23;1;13:28:19
73;118;49;23;1;13:28:13
73;118;49;23;1;13:28:08
73;118;49;23;1;13:28:02
73;118;49;23;1;13:27:57
73;118;49;23;1;13:27:51
73;118;49;23;1;13:27:46
72;119;49;23;1;13:27:40
72;119;49;23;1;13:27:35
72;119;49;23;1;13:27:29
72;119;49;23;1;13:27:23
71;119;49;23;1;13:27:18
71;119;49;23;1;13:27:12
71;119;49;23;1;13:27:07
70;119;49;23;1;13:27:01
70;119;49;23;1;13:26:56
70;119;49;23;1;13:26:50
71;119;49;23;1;13:26:45
70;119;49;23;1;13:26:39
4128;28672;48;22;2;13:26:39
100;107;48;22;2;13:26:34
70;119;49;23;1;13:26:33
100;106;48;22;2;13:26:29
70;119;49;23;1;13:26:28
69;119;49;23;1;13:26:22
100;107;48;22;2;13:26:18
69;119;49;23;1;13:26:17
100;107;48;22;2;13:26:12
68;119;49;22;1;13:26:11
100;107;48;22;2;13:26:07
68;119;49;22;1;13:26:06
96;107;48;22;2;13:26:01
67;119;49;22;1;13:26:00
100;107;48;22;2;13:25:56
67;120;49;22;1;13:25:55
100;107;48;22;2;13:25:50
67;120;49;22;1;13:25:49
100;107;48;22;2;13:25:45
66;120;49;22;1;13:25:44
100;107;48;22;2;13:25:39
66;121;49;22;1;13:25:38
99;106;48;22;2;13:25:34
66;121;49;22;1;13:25:33
100;107;48;22;2;13:25:28
65;121;49;22;1;13:25:27
101;108;48;22;2;13:25:23
66;122;48;22;1;13:25:22
101;108;48;22;2;13:25:17
66;122;48;22;1;13:25:16
100;108;48;22;2;13:25:12
65;122;48;22;1;13:25:11
101;108;48;22;2;13:25:06
65;122;48;22;1;13:25:05
102;109;48;22;2;13:25:01
66;123;48;22;1;13:25:00
101;108;48;22;2;13:24:55
66;123;48;22;1;13:24:54
100;108;48;22;2;13:24:50
65;124;48;22;1;13:24:49
101;108;48;22;2;13:24:44
66;124;48;22;1;13:24:43
104;111;48;22;2;13:24:39
65;125;48;22;1;13:24:38
104;111;48;22;2;13:24:33
65;125;48;22;1;13:24:32
103;110;48;22;2;13:24:28
65;126;48;22;1;13:24:27
103;109;48;22;2;13:24:22
65;126;48;22;1;13:24:21
102;109;48;22;2;13:24:17
65;127;48;22;1;13:24:16
101;108;48;22;2;13:24:11
64;128;48;22;1;13:24:10
101;107;48;22;2;13:24:06
64;128;48;22;1;13:24:05
101;108;48;22;2;13:24:00
65;129;48;22;1;13:23:59
101;107;48;22;2;13:23:55
66;130;48;22;1;13:23:54
101;108;48;22;2;13:23:49
67;130;49;22;1;13:23:48
71;137;49;22;1;13:23:43
101;108;48;22;2;13:23:43
101;108;48;22;2;13:23:42
79;138;49;22;1;13:23:32
100;108;48;22;2;13:23:32
101;108;48;22;2;13:23:27
104;166;49;22;1;13:23:26
75;137;49;22;1;13:23:21
101;108;48;22;2;13:23:21
101;108;48;22;2;13:23:16
77;136;49;22;1;13:23:15
101;108;48;22;2;13:23:15
99;107;48;22;2;13:23:05
65;128;49;22;1;13:23:04
65;128;49;22;1;13:22:59
100;108;48;22;2;13:22:59
101;109;48;22;2;13:22:54
65;127;49;22;1;13:22:53
65;126;49;22;1;13:22:48
100;108;48;22;2;13:22:48
101;108;48;22;2;13:22:43
65;125;49;22;1;13:22:42
65;123;49;22;1;13:22:37
101;108;48;22;2;13:22:37
101;109;48;22;2;13:22:32
65;121;49;22;1;13:22:31
65;122;49;22;1;13:22:26
101;108;48;22;2;13:22:26
101;109;48;22;2;13:22:21
66;119;49;22;1;13:22:20
82;143;49;22;1;13:22:15
102;110;48;22;2;13:22:15
102;109;48;22;2;13:22:10
78;139;49;22;1;13:22:09
71;136;49;22;1;13:22:04
99;107;48;22;2;13:22:04
100;108;48;22;2;13:21:59
83;140;49;22;1;13:21:58
101;109;48;22;2;13:21:58
83;141;49;22;1;13:21:53
102;110;48;22;2;13:21:53
82;141;49;22;1;13:21:47
98;106;48;22;2;13:21:47
78;141;49;22;1;13:21:42
78;143;49;22;1;13:21:36
78;142;49;22;1;13:21:31
78;142;49;22;1;13:21:25
76;146;49;22;1;13:18:45
76;147;49;22;1;13:18:40
76;147;49;22;1;13:18:34
76;148;49;22;1;13:18:29
75;148;49;22;1;13:18:23
75;148;49;22;1;13:18:18
75;148;49;22;1;13:18:12
75;148;49;22;1;13:18:07
75;148;49;22;1;13:18:01
75;149;49;22;1;13:17:56
75;149;49;22;1;13:17:50
76;150;49;22;1;13:17:45
76;151;49;22;1;13:17:39
76;151;49;22;1;13:17:34
76;151;49;22;1;13:17:28
76;157;49;22;1;13:17:23
73;152;49;22;1;13:17:17
72;153;49;22;1;13:17:12
72;154;49;22;1;13:17:06
73;154;49;22;1;13:17:01
73;157;50;22;1;13:16:55
72;153;50;22;1;13:16:50
72;153;51;22;1;13:16:44
79;171;50;22;1;13:16:39
80;174;51;22;1;13:16:33
79;166;50;22;1;13:16:27
80;167;51;22;1;13:16:22
80;161;50;22;1;13:16:15
81;168;49;22;1;13:16:11
13;2830;49;22;1;13:16:11
78;155;49;22;1;13:16:05
78;156;49;22;1;13:16:00
78;156;49;22;1;13:15:54
79;155;49;22;1;13:15:49
80;156;49;22;1;13:15:43
82;158;49;22;1;13:15:38
81;157;49;22;1;13:15:32
82;158;49;22;1;13:15:27
82;158;49;22;1;13:15:21
82;158;49;22;1;13:15:16
82;158;49;22;1;13:15:10
82;158;49;22;1;13:15:05
82;158;49;22;1;13:14:59
82;158;49;22;1;13:14:54
83;159;49;22;1;13:14:48
82;159;49;22;1;13:14:43
83;159;49;22;1;13:14:37
83;160;49;22;1;13:14:32
83;160;49;22;1;13:14:26
83;160;49;22;1;13:14:18
0;13;49;22;1;13:14:16
83;160;49;22;1;13:14:15
83;160;49;22;1;13:14:10
83;159;49;22;1;13:14:04
83;159;49;22;1;13:13:57
83;159;49;22;1;13:13:51
91;98;46;22;2;13:13:48
83;159;49;22;1;13:13:43
94;102;46;22;2;13:13:43
83;159;49;22;1;13:13:38
98;104;46;22;2;13:13:37
83;159;49;22;1;13:13:32
134;141;45;22;2;13:13:32
83;158;49;22;1;13:13:31
83;158;49;22;1;13:13:26
83;159;49;22;1;13:13:20
83;159;49;22;1;13:13:15
83;159;49;22;1;13:13:09
83;159;49;22;1;13:13:04
83;159;49;22;1;13:12:54
83;159;49;22;1;13:12:50