methane,hydrogen,humidity,temperature,sensor,time
134,141,45,22,2,13:13:32
98,104,46,22,2,13:13:37
94,102,46,22,2,13:13:43
91,98,46,22,2,13:13:48
98,106,48,22,2,13:21:47
102,110,48,22,2,13:21:53
101,109,48,22,2,13:21:58
100,108,48,22,2,13:21:59
99,107,48,22,2,13:22:04
102,109,48,22,2,13:22:10
102,110,48,22,2,13:22:15
101,109,48,22,2,13:22:21
101,108,48,22,2,13:22:26
101,109,48,22,2,13:22:32
101,108,48,22,2,13:22:37
101,108,48,22,2,13:22:43
100,108,48,22,2,13:22:48
101,109,48,22,2,13:22:54
100,108,48,22,2,13:22:59
99,107,48,22,2,13:23:05
101,108,48,22,2,13:23:15
101,108,48,22,2,13:23:16
101,108,48,22,2,13:23:21
101,108,48,22,2,13:23:27
100,108,48,22,2,13:23:32
101,108,48,22,2,13:23:42
101,108,48,22,2,13:23:43
101,108,48,22,2,13:23:49
101,107,48,22,2,13:23:55
101,108,48,22,2,13:24:00
101,107,48,22,2,13:24:06
101,108,48,22,2,13:24:11
102,109,48,22,2,13:24:17
103,109,48,22,2,13:24:22
103,110,48,22,2,13:24:28
104,111,48,22,2,13:24:33
104,111,48,22,2,13:24:39
101,108,48,22,2,13:24:44
100,108,48,22,2,13:24:50
101,108,48,22,2,13:24:55
102,109,48,22,2,13:25:01
101,108,48,22,2,13:25:06
100,108,48,22,2,13:25:12
101,108,48,22,2,13:25:17
101,108,48,22,2,13:25:23
100,107,48,22,2,13:25:28
99,106,48,22,2,13:25:34
100,107,48,22,2,13:25:39
100,107,48,22,2,13:25:45
100,107,48,22,2,13:25:50
100,107,48,22,2,13:25:56
96,107,48,22,2,13:26:01
100,107,48,22,2,13:26:07
100,107,48,22,2,13:26:12
100,107,48,22,2,13:26:18
100,106,48,22,2,13:26:29
100,107,48,22,2,13:26:34
4128,28672,48,22,2,13:26:39
108,115,48,23,2,13:29:20
106,113,48,23,2,13:29:25
108,115,48,23,2,13:29:31
102,110,48,23,2,13:29:36
103,110,48,23,2,13:29:42
103,110,48,23,2,13:29:47
105,112,48,23,2,13:29:53
114,121,48,23,2,13:29:58
113,119,48,23,2,13:30:04
106,113,48,23,2,13:30:09
111,118,48,23,2,13:30:15
107,114,48,23,2,13:30:20
107,114,48,23,2,13:30:26
108,115,48,23,2,13:30:31
106,113,48,23,2,13:30:37
103,110,48,23,2,13:30:42
103,110,48,23,2,13:30:48
105,112,48,23,2,13:30:53
107,115,48,23,2,13:30:59
107,114,48,23,2,13:31:05
107,114,48,23,2,13:31:10
106,113,48,23,2,13:31:16
105,112,48,23,2,13:31:21
106,113,48,23,2,13:31:27
106,113,48,23,2,13:31:32
105,112,48,23,2,13:31:38
108,115,48,23,2,13:31:43
108,114,48,23,2,13:31:49
109,116,48,23,2,13:31:54
106,112,48,23,2,13:32:00
106,113,48,23,2,13:32:05
105,112,48,23,2,13:32:11
103,110,48,23,2,13:32:16
101,108,48,23,2,13:32:22
101,108,48,23,2,13:32:27
101,108,48,23,2,13:32:33
102,109,48,23,2,13:32:44
102,109,48,23,2,13:32:49
101,109,48,23,2,13:32:55
101,108,48,0,2,13:33:00
101,108,48,23,2,13:33:06
101,108,48,23,2,13:33:11
100,108,48,23,2,13:33:17
100,108,48,23,2,13:33:22
100,108,48,23,2,13:33:28
100,107,48,23,2,13:33:33
100,107,48,23,2,13:33:39
100,107,48,23,2,13:33:44
101,108,48,23,2,13:33:50
100,107,48,23,2,13:33:55
101,108,48,23,2,13:34:01
100,107,48,23,2,13:34:09
100,107,48,23,2,13:34:15
100,107,48,23,2,13:34:20
100,107,48,23,2,13:34:26
100,108,48,23,2,13:34:31
101,108,48,23,2,13:34:37
101,109,48,23,2,13:34:47
102,109,48,23,2,13:34:53
102,109,48,23,2,13:34:59
105,112,48,23,2,13:35:04
83,90,44,22,2,13:42:05
82,89,44,22,2,13:42:05
86,88,44,22,2,13:42:11
89,87,44,22,2,13:42:16
94,87,44,22,2,13:42:22
99,87,44,22,2,13:42:27
97,88,44,22,2,13:42:38
102,88,44,22,2,13:42:44
99,88,44,22,2,13:42:49
99,89,44,22,2,13:42:55
96,89,44,22,2,13:43:00
96,89,44,22,2,13:43:06
93,89,44,22,2,13:43:11
87,89,44,22,2,13:43:17
86,89,44,22,2,13:43:22
80,88,44,22,2,13:43:28
82,89,44,22,2,13:43:33
81,88,44,22,2,13:43:39
81,88,44,22,2,13:43:44
81,88,44,22,2,13:43:50
80,88,44,22,2,13:43:55
81,88,44,22,2,13:44:01
80,88,44,22,2,13:44:07
80,88,43,23,2,13:44:12
80,88,43,23,2,13:44:18
81,88,43,23,2,13:44:23
81,88,43,23,2,13:44:29
81,88,43,23,2,13:44:34
81,88,43,23,2,13:44:40
81,88,43,23,2,13:44:45
81,88,43,23,2,13:44:51
82,88,43,2,2,13:44:56
82,88,43,0,2,13:45:02
83,88,43,23,2,13:45:07
83,88,43,23,2,13:45:13
83,88,43,23,2,13:45:18
85,88,43,23,2,13:45:24
84,80,43,23,2,13:45:29
85,88,43,23,2,13:45:35
86,88,43,23,2,13:45:40
86,88,43,23,2,13:45:46
87,89,43,23,2,13:45:51
88,89,43,23,2,13:45:57
88,89,43,23,2,13:46:02
87,89,43,23,2,13:46:08
87,89,43,23,2,13:46:13
86,89,43,23,2,13:46:19
87,89,43,23,2,13:46:24
86,89,43,23,2,13:46:30
86,89,43,23,2,13:46:35
86,89,43,23,2,13:46:41
87,89,43,23,2,13:46:46
87,89,43,23,2,13:46:52
87,89,43,23,2,13:46:57
87,89,43,23,2,13:47:03
87,89,43,23,2,13:47:08
87,90,43,23,2,13:47:19
87,90,43,23,2,13:47:25
87,90,43,23,2,13:47:31
87,90,43,23,2,13:47:36
88,90,43,23,2,13:47:42
88,90,43,23,2,13:47:47
89,90,43,23,2,13:47:53
90,90,43,23,2,13:47:58
89,90,43,23,2,13:48:04
89,90,43,23,2,13:48:09
90,90,43,23,2,13:48:15
90,90,43,23,2,13:48:20
90,91,43,23,2,13:48:26
90,91,43,23,2,13:48:31
91,91,43,23,2,13:48:37
92,91,43,23,2,13:48:42
93,91,43,23,2,13:48:48
93,91,43,23,2,13:48:53
94,91,43,5,2,13:48:59
94,91,43,23,2,13:49:08
94,91,43,23,2,13:49:10
94,91,43,23,2,13:49:15
95,91,43,23,2,13:49:48
95,92,43,23,2,13:49:54
95,92,43,23,2,13:49:59
95,92,43,5,2,13:50:10
97,94,43,24,2,13:53:40
100,94,43,24,2,13:53:51
101,94,43,24,2,13:53:56
101,94,43,24,2,13:54:02
100,94,0,0,2,13:54:07
99,94,43,24,2,13:54:13
99,94,43,24,2,13:54:18
99,95,43,24,2,13:54:24
99,95,43,24,2,13:54:30
99,95,43,24,2,13:54:35
99,95,43,24,2,13:54:41
99,95,43,24,2,13:54:46
99,95,43,24,2,13:54:52
99,95,43,24,2,13:54:57
99,95,43,24,2,13:55:03
100,95,43,24,2,13:55:08
100,95,43,24,2,13:55:14
100,95,43,24,2,13:55:19
100,95,42,24,2,13:55:25
100,95,42,24,2,13:55:30
100,95,42,24,2,13:55:36
100,95,42,24,2,13:55:41
100,95,42,24,2,13:55:47
100,95,42,24,2,13:55:52
100,95,42,24,2,13:55:58
100,95,42,24,2,13:56:03
100,95,34,24,2,13:56:09
100,95,42,24,2,13:56:14
101,95,42,24,2,13:56:20
100,95,42,24,2,13:56:25
100,95,42,24,2,13:56:31
101,95,42,24,2,13:56:36
100,96,42,24,2,13:56:42
0,0,32,8,2,13:56:47
100,96,42,24,2,13:57:04
100,96,42,24,2,13:57:09
100,96,42,24,2,13:57:15
100,96,42,24,2,13:57:20
100,97,42,24,2,13:57:26
100,97,42,24,2,13:57:31
100,97,42,24,2,13:57:37
101,97,42,24,2,13:57:42
101,97,42,24,2,13:57:48
101,97,42,24,2,13:57:53
101,97,42,24,2,13:57:59
101,97,42,24,2,13:58:05
101,97,42,24,2,13:58:16
101,97,42,24,2,13:58:27
102,97,42,24,2,13:58:32
102,97,42,24,2,13:58:38
103,97,42,24,2,13:58:49
103,97,42,24,2,13:58:54
103,98,42,24,2,13:59:00
103,98,43,24,2,13:59:05
103,98,43,24,2,13:59:11
103,98,43,24,2,13:59:16
104,98,43,24,2,13:59:22
104,98,43,24,2,13:59:27
105,98,43,24,2,13:59:33
106,98,43,24,2,13:59:38
107,98,43,24,2,13:59:44
121,98,43,24,2,13:59:49
119,98,43,24,2,13:59:55
117,98,43,24,2,14:00:00
117,99,43,24,2,14:00:06
114,98,43,24,2,14:00:11
117,98,43,24,2,14:00:17
117,98,43,24,2,14:00:22
118,99,43,24,2,14:00:28
110,99,43,24,2,14:00:33
110,99,43,24,2,14:00:39
110,99,43,24,2,14:00:44
110,99,43,24,2,14:00:50
111,99,43,24,2,14:00:55
111,99,43,24,2,14:01:01
119,99,43,24,2,14:01:06
120,99,43,24,2,14:01:12
119,99,43,24,2,14:01:17
122,99,43,24,2,14:01:23
123,99,43,24,2,14:01:29
125,99,43,24,2,14:01:34
124,99,43,24,2,14:01:40
123,100,43,24,2,14:01:45
123,100,43,24,2,14:01:51
122,100,43,24,2,14:01:56
122,100,43,24,2,14:02:02
122,100,43,24,2,14:02:07
122,100,43,24,2,14:02:13
121,100,43,24,2,14:02:18
121,100,43,24,2,14:02:24
121,100,43,24,2,14:02:29
119,101,43,24,2,14:02:35
121,101,43,24,2,14:02:40
119,101,43,24,2,14:02:46
119,101,43,24,2,14:02:51
119,101,43,24,2,14:02:57
118,101,43,24,2,14:03:02
118,102,43,24,2,14:03:08
118,102,43,24,2,14:03:13
111,102,43,24,2,14:03:19
116,102,43,24,2,14:03:24
115,103,43,24,2,14:03:30
113,103,43,24,2,14:03:35
113,104,43,24,2,14:03:41
111,105,43,24,2,14:03:46
111,111,43,24,2,14:03:52
109,104,43,24,2,14:03:57
108,104,43,24,2,14:04:03
107,105,43,24,2,14:04:08
105,105,43,24,2,14:04:14
104,106,43,24,2,14:04:19
101,108,43,24,2,14:04:25
100,108,43,24,2,14:04:30
99,109,43,24,2,14:04:36
98,110,43,24,2,14:04:41
97,110,43,24,2,14:04:47
97,110,43,24,2,14:04:52
96,111,43,24,2,14:04:58
96,112,43,24,2,14:05:03
0,110,43,24,2,14:05:09
95,112,43,24,2,14:05:15
96,104,43,24,2,14:05:20
95,104,43,24,2,14:05:26
95,105,43,24,2,14:05:31
95,105,43,24,2,14:05:37
95,106,43,24,2,14:05:42
94,114,43,24,2,14:05:48
95,112,43,24,2,14:05:53
95,108,43,24,2,14:05:59
95,108,43,24,2,14:06:04
94,110,43,24,2,14:06:10
94,106,43,24,2,14:06:15
94,105,43,24,2,14:06:21
94,105,43,24,2,14:06:26
94,105,43,24,2,14:06:32
94,105,43,24,2,14:06:37
94,105,43,24,2,14:06:43
94,106,43,24,2,14:06:48
94,106,43,24,2,14:06:54
94,106,43,24,2,14:06:59
94,106,43,24,2,14:07:05
94,106,43,24,2,14:07:10
94,106,43,6,2,14:07:16
94,106,43,24,2,14:07:21
94,107,43,24,2,14:07:27
94,107,43,24,2,14:07:32
94,108,43,24,2,14:07:38
94,108,43,24,2,14:07:43
94,109,43,24,2,14:07:49
94,109,43,24,2,14:07:54
94,112,43,24,2,14:08:00
94,110,43,24,2,14:08:05
94,114,43,24,2,14:08:11
94,110,43,24,2,14:08:16
94,109,43,24,2,14:08:22
94,109,43,24,2,14:08:27
94,109,43,24,2,14:08:33
94,108,43,24,2,14:08:39
94,108,43,24,2,14:08:44
94,108,43,24,2,14:08:50
94,108,43,24,2,14:08:55
94,108,43,24,2,14:09:01
94,108,43,24,2,14:09:06
94,108,43,24,2,14:09:12
94,108,43,24,2,14:09:17
94,108,43,24,2,14:09:23
94,108,43,24,2,14:09:28
94,108,43,24,2,14:09:34
95,108,43,24,2,14:09:39
95,108,43,24,2,14:09:45
94,108,43,24,2,14:09:50
95,108,43,24,2,14:09:56
95,108,43,24,2,14:10:01
95,108,43,24,2,14:10:07
95,109,43,24,2,14:10:12
95,109,43,24,2,14:10:18
94,109,43,24,2,14:10:23
94,109,43,24,2,14:10:29
94,109,43,24,2,14:10:34
94,109,43,24,2,14:10:40
95,109,43,24,2,14:10:45
94,109,43,24,2,14:10:51
94,109,43,24,2,14:10:56
94,109,43,24,2,14:11:02
94,109,43,24,2,14:11:07
94,110,43,24,2,14:11:13
94,110,43,24,2,14:11:18
94,111,43,24,2,14:11:24
94,132,43,24,2,14:11:29
94,120,43,24,2,14:11:35
95,94,43,24,2,14:11:40
95,84,0,24,2,14:11:46
94,110,43,24,2,14:11:51
94,105,43,24,2,14:11:57
95,94,43,24,2,14:12:02
94,107,43,24,2,14:12:08
95,89,43,24,2,14:12:14
94,89,43,24,2,14:12:19
94,90,43,24,2,14:12:25
94,105,43,24,2,14:12:30
94,92,43,24,2,14:12:36
94,106,43,24,2,14:12:41
95,84,43,24,2,14:12:47
94,106,43,24,2,14:12:52
94,121,43,24,2,14:12:58
94,110,43,24,2,14:13:03
94,112,43,24,2,14:13:09
94,111,43,24,2,14:13:14
94,119,43,24,2,14:13:20
94,104,43,24,2,14:13:25
94,105,43,24,2,14:13:31
94,113,43,24,2,14:13:36
94,118,43,24,2,14:13:42
94,107,43,24,2,14:13:47
94,112,43,24,2,14:13:53
94,115,43,24,2,14:13:58
94,112,43,24,2,14:14:04
94,89,43,24,2,14:14:09
94,111,43,24,2,14:14:15
94,113,43,24,2,14:14:20
94,117,43,24,2,14:14:26
94,106,43,24,2,14:14:31
94,106,43,24,2,14:14:37
94,114,43,24,2,14:14:42
94,115,43,24,2,14:14:48
94,118,43,24,2,14:14:53
94,107,43,24,2,14:14:59
94,94,43,24,2,14:15:04
94,110,43,24,2,14:15:10
94,105,43,24,2,14:15:15
94,122,43,24,2,14:15:21
94,89,43,24,2,14:15:26
94,113,43,24,2,14:15:32
94,92,43,24,2,14:15:37
94,91,43,24,2,14:15:43
94,80,43,24,2,14:15:49
94,104,43,24,2,14:15:54
94,82,43,24,2,14:16:00
94,81,43,24,2,14:16:05
94,91,43,24,2,14:16:11
94,116,43,24,2,14:16:16
94,87,43,24,2,14:16:22
94,109,44,24,2,14:23:37
93,119,44,24,2,14:23:42
94,84,44,24,2,14:23:48
94,109,44,24,2,14:23:48
94,117,44,24,2,14:23:54
93,113,44,24,2,14:23:59
94,107,44,24,2,14:24:05
94,117,44,24,2,14:24:10
94,112,44,24,2,14:24:16
93,119,44,24,2,14:24:21
94,81,44,24,2,14:24:27
94,80,44,24,2,14:24:32
94,78,44,24,2,14:24:38
94,78,44,24,2,14:24:43
94,78,44,24,2,14:24:49
94,77,44,24,2,14:24:54
94,77,44,24,2,14:25:00
94,77,44,24,2,14:25:05
94,77,44,24,2,14:25:11
94,77,44,24,2,14:25:16
94,77,44,24,2,14:25:22
94,77,44,24,2,14:25:27
94,77,44,24,2,14:25:33
94,77,44,24,2,14:25:38
94,76,44,24,2,14:25:44
94,77,44,24,2,14:25:49
94,76,44,24,2,14:25:55
94,76,44,24,2,14:26:00
94,77,44,24,2,14:26:06
94,77,44,24,2,14:26:11
94,77,44,24,2,14:26:17
94,77,44,24,2,14:26:22
94,77,44,24,2,14:26:28
94,77,44,24,2,14:26:34
94,77,44,24,2,14:26:39
94,77,44,24,2,14:26:45
94,77,44,24,2,14:26:50
94,77,44,24,2,14:26:56
94,77,44,24,2,14:27:01
94,77,44,24,2,14:27:07
94,76,44,24,2,14:27:12
94,76,44,24,2,14:27:18
94,76,44,24,2,14:27:23
94,76,44,24,2,14:27:29
94,76,44,24,2,14:27:34
94,76,44,24,2,14:27:40
94,76,44,24,2,14:27:45
94,76,44,24,2,14:27:51
94,76,44,24,2,14:27:56
94,76,44,24,2,14:28:02
94,76,44,24,2,14:28:07
94,76,44,24,2,14:28:13
94,76,44,24,2,14:28:18
94,77,44,24,2,14:28:24
94,77,44,24,2,14:28:29
94,77,44,24,2,14:28:35
94,77,44,24,2,14:28:40
94,77,44,24,2,14:28:46
94,77,44,24,2,14:28:51
94,77,44,24,2,14:28:57
94,77,44,24,2,14:29:02
95,77,44,24,2,14:29:08
94,77,44,24,2,14:29:13
94,77,44,24,2,14:29:19
94,77,44,6,2,14:29:24
94,77,44,24,2,14:29:30
94,77,44,24,2,14:29:35
94,77,44,24,2,14:29:41
95,78,44,24,2,14:29:46
95,78,44,24,2,14:29:52
95,78,44,24,2,14:29:57
95,78,44,24,2,14:30:03
95,78,44,24,2,14:30:09
95,79,44,24,2,14:30:14
95,79,44,24,2,14:30:20
95,79,44,24,2,14:30:25
95,79,44,24,2,14:30:31
95,79,44,24,2,14:30:36
95,80,44,24,2,14:30:42
95,80,44,24,2,14:30:47
95,80,44,24,2,14:30:53
95,80,44,24,2,14:30:58
95,81,44,24,2,14:31:04
95,81,44,24,2,14:31:09
95,82,44,24,2,14:31:15
95,83,44,24,2,14:31:20
95,105,44,24,2,14:31:26
95,92,44,24,2,14:31:31
95,102,44,24,2,14:31:37
95,109,44,24,2,14:31:42
95,116,44,24,2,14:31:48
94,117,44,24,2,14:31:53
95,112,44,24,2,14:31:59
95,112,44,24,2,14:32:04
94,116,44,24,2,14:32:10
95,114,44,24,2,14:32:15
95,116,44,24,2,14:32:21
95,116,44,24,2,14:32:26
95,81,44,24,2,14:32:32
96,81,44,24,2,14:32:37
95,82,44,24,2,14:32:43
95,115,44,24,2,14:32:48
94,123,44,24,2,14:32:54
95,117,44,24,2,14:32:59
95,101,44,24,2,14:33:05
95,117,44,24,2,14:33:10
94,123,44,24,2,14:33:16
95,118,44,24,2,14:33:21
94,119,44,24,2,14:33:27
94,119,44,24,2,14:33:32
95,121,44,24,2,14:33:38
94,122,44,24,2,14:33:44
95,119,44,24,2,14:33:49
94,121,44,24,2,14:33:55
94,121,44,24,2,14:34:00
94,126,44,24,2,14:34:06
95,118,44,24,2,14:34:11
95,118,44,24,2,14:34:17
95,119,44,24,2,14:34:22
95,120,44,24,2,14:34:28
94,122,44,24,2,14:34:33
94,125,44,24,2,14:34:39
95,117,44,24,2,14:34:44
95,116,44,24,2,14:34:50
95,116,44,24,2,14:34:55
95,116,44,24,2,14:35:01
95,117,44,24,2,14:35:06
95,118,44,24,2,14:35:12
95,120,44,24,2,14:35:17
95,120,44,24,2,14:35:23
95,121,44,24,2,14:35:28
95,124,44,24,2,14:35:34
94,124,44,24,2,14:35:39
95,124,44,24,2,14:35:45
95,118,44,24,2,14:35:50
95,118,44,24,2,14:35:56
95,119,44,24,2,14:36:07
95,119,44,24,2,14:36:12
95,119,44,24,2,14:36:18
95,119,44,24,2,14:36:23
95,119,44,24,2,14:36:29
95,119,44,24,2,14:36:34
95,119,44,24,2,14:36:40
95,120,44,24,2,14:36:45
95,120,44,24,2,14:36:51
95,120,44,24,2,14:36:56
95,120,44,24,2,14:37:02
95,120,44,24,2,14:37:07
95,120,44,24,2,14:37:13
95,121,44,24,2,14:37:19
95,121,44,24,2,14:37:24
95,122,44,24,2,14:37:30
95,123,44,24,2,14:37:35
95,126,44,24,2,14:37:41
95,128,44,24,2,14:37:46
95,119,44,24,2,14:37:52
95,117,44,24,2,14:37:57
95,118,44,24,2,14:38:03
95,120,44,24,2,14:38:08
95,117,44,24,2,14:38:14
95,115,44,24,2,14:38:19
95,115,44,24,2,14:38:25
95,115,44,24,2,14:38:30
95,115,44,24,2,14:38:36
95,115,44,24,2,14:38:41
95,116,45,24,2,14:38:47
95,116,45,24,2,14:38:52
95,116,45,24,2,14:38:58
95,116,45,24,2,14:39:03
95,116,45,24,2,14:39:09
95,116,45,24,2,14:39:14
95,116,45,24,2,14:39:20
95,116,45,24,2,14:39:25
95,117,45,24,2,14:39:31
95,117,45,24,2,14:39:36
95,117,45,24,2,14:39:42
95,117,45,24,2,14:39:47
95,117,45,24,2,14:39:53
95,117,45,24,2,14:39:58
95,117,45,24,2,14:40:04
95,118,45,24,2,14:40:09
95,118,45,24,2,14:40:15
95,118,45,24,2,14:40:20
95,118,45,24,2,14:40:26
95,119,33,24,2,14:40:31
95,119,45,24,2,14:40:37
95,120,45,24,2,14:40:42
95,121,45,24,2,14:40:48
95,128,45,24,2,14:40:53
95,125,45,24,2,14:40:59
95,124,45,24,2,14:41:05
95,120,45,24,2,14:41:10
95,119,45,24,2,14:41:16
95,119,45,24,2,14:41:21
95,119,45,24,2,14:41:27
95,119,45,24,2,14:41:32
95,120,45,24,2,14:41:38
95,121,45,24,2,14:41:43
95,121,45,24,2,14:41:49
95,122,45,24,2,14:41:54
95,124,45,24,2,14:42:00
95,121,45,24,2,14:42:05
95,122,45,24,2,14:42:11
95,122,45,24,2,14:42:16
94,146,45,24,2,14:42:22
95,118,45,24,2,14:42:27
95,117,45,24,2,14:42:33
95,117,45,24,2,14:42:38
95,117,45,24,2,14:42:44
95,117,45,24,2,14:42:49
95,117,45,24,2,14:42:55
95,117,45,24,2,14:43:00
95,117,45,24,2,14:43:06
95,117,45,24,2,14:43:11
95,117,45,24,2,14:43:17
95,117,45,24,2,14:43:22
95,117,45,24,2,14:43:28
95,118,45,24,2,14:43:33
95,118,45,24,2,14:43:39
95,118,45,24,2,14:43:44
95,119,45,24,2,14:43:50
95,119,45,24,2,14:43:55
95,120,45,24,2,14:44:01
95,121,45,24,2,14:44:06
95,123,45,24,2,14:44:12
95,128,45,24,2,14:44:17
95,119,45,24,2,14:44:23
95,118,45,24,2,14:44:28
95,118,45,24,2,14:44:34
95,118,45,24,2,14:44:40
95,119,45,24,2,14:44:45
95,119,45,24,2,14:44:51
95,120,45,24,2,14:44:56
95,120,45,24,2,14:45:02
95,120,45,24,2,14:45:07
95,120,45,24,2,14:45:13
96,120,45,24,2,14:45:18
95,120,45,24,2,14:45:24
95,120,45,24,2,14:45:29
95,120,45,24,2,14:45:35
95,120,45,24,2,14:45:40
95,121,45,24,2,14:45:46
95,122,45,24,2,14:45:51
95,149,45,24,2,14:45:57
96,122,45,24,2,14:46:02
95,122,45,24,2,14:46:08
95,122,45,24,2,14:46:13
95,122,45,24,2,14:46:19
95,122,45,24,2,14:46:24
95,122,45,24,2,14:46:30
95,122,45,24,2,14:46:35
95,122,45,24,2,14:46:41
95,122,45,24,2,14:46:46
95,123,45,24,2,14:46:52
95,123,45,24,2,14:46:57
95,123,45,24,2,14:47:03
95,124,33,24,2,14:47:08
95,124,45,24,2,14:47:14
95,124,45,24,2,14:47:19
95,125,45,24,2,14:47:25
95,125,45,24,2,14:47:30
95,126,45,24,2,14:47:36
95,127,45,24,2,14:47:41
95,128,45,24,2,14:47:47
95,146,45,24,2,14:47:52
95,129,45,24,2,14:47:58
95,143,45,24,2,14:48:03
95,120,45,24,2,14:48:09
95,119,45,24,2,14:48:15
95,119,45,24,2,14:48:20
95,119,45,24,2,14:48:26
96,119,45,24,2,14:48:31
95,119,45,24,2,14:48:37
95,119,45,24,2,14:48:42
95,119,45,24,2,14:48:48
96,119,45,24,2,14:48:53
96,119,45,24,2,14:48:59
95,120,45,24,2,14:49:04
95,120,45,24,2,14:49:10
96,120,45,24,2,14:49:15
96,120,45,24,2,14:49:21
96,120,45,24,2,14:49:26
96,120,45,24,2,14:49:32
96,120,45,24,2,14:49:37
96,120,45,24,2,14:49:43
96,120,45,24,2,14:49:48
96,120,45,24,2,14:49:54
96,120,45,24,2,14:49:59
96,121,45,24,2,14:50:05
96,121,45,24,2,14:50:10
96,121,45,24,2,14:50:16
96,121,45,24,2,14:50:21
96,121,45,24,2,14:50:27
96,121,45,24,2,14:50:32
96,121,45,24,2,14:50:38
96,121,45,24,2,14:50:43
96,121,45,24,2,14:50:49
96,121,45,24,2,14:50:54
96,122,45,24,2,14:51:00
96,122,45,24,2,14:51:05
96,122,45,24,2,14:51:11
96,123,45,24,2,14:51:16
96,123,45,24,2,14:51:22
96,124,45,24,2,14:51:27
96,127,45,24,2,14:51:33
96,146,45,24,2,14:51:44
96,128,45,24,2,14:51:49
96,128,45,24,2,14:51:55
96,128,45,24,2,14:52:01
96,126,45,24,2,14:52:06
96,127,45,24,2,14:52:12
96,127,45,24,2,14:52:17
96,128,45,24,2,14:52:23
96,129,45,24,2,14:52:28
96,140,45,24,2,14:52:34
96,130,45,24,2,14:52:39
96,126,45,24,2,14:52:45
96,126,45,24,2,14:52:50
96,126,45,24,2,14:52:56
96,126,45,24,2,14:53:01
96,126,45,24,2,14:53:07
96,128,45,24,2,14:53:12
96,130,45,24,2,14:53:18
96,147,45,24,2,14:53:23
96,126,45,24,2,14:53:29
96,147,45,24,2,14:53:34
96,150,45,24,2,14:53:40
96,148,45,24,2,14:53:45
96,128,45,24,2,14:53:51
96,128,45,24,2,14:53:56
96,128,45,24,2,14:54:02
96,128,45,24,2,14:54:07
96,128,45,24,2,14:54:13
96,128,45,24,2,14:54:19
96,128,45,24,2,14:54:24
96,131,45,24,2,14:54:29
96,129,45,24,2,14:54:35
96,147,45,24,2,14:54:40
96,145,45,24,2,14:54:46
96,129,45,24,2,14:54:51
96,129,45,24,2,14:54:57
96,129,45,24,2,14:55:02
96,129,45,24,2,14:55:08
96,129,45,24,2,14:55:13
96,128,45,24,2,14:55:19
96,128,45,24,2,14:55:24
96,128,45,24,2,14:55:30
96,128,45,24,2,14:55:36
96,128,45,24,2,14:55:41
96,128,45,24,2,14:55:47
96,128,45,24,2,14:55:52
96,128,45,24,2,14:55:58
96,128,45,24,2,14:56:03
96,129,45,24,2,14:56:09
96,129,45,24,2,14:56:14
97,130,45,24,2,14:56:20
96,131,45,24,2,14:56:25
96,146,45,24,2,14:56:31
97,125,45,24,2,14:56:36
97,124,45,24,2,14:56:42
97,124,45,24,2,14:56:47
97,124,45,24,2,14:56:53
97,123,45,24,2,14:56:58
97,123,45,24,2,14:57:04
97,123,45,24,2,14:57:09
97,123,45,24,2,14:57:15
97,123,45,24,2,14:57:20
97,123,45,24,2,14:57:26
97,124,45,24,2,14:57:31
97,123,45,24,2,14:57:37
97,123,45,24,2,14:57:42
97,123,45,24,2,14:57:48
97,123,45,24,2,14:57:53
97,123,45,24,2,14:57:59
97,123,45,24,2,14:58:04
97,123,45,24,2,14:58:10
97,123,45,24,2,14:58:15
97,123,45,24,2,14:58:21
97,123,45,24,2,14:58:26
97,123,45,24,2,14:58:32
97,123,45,24,2,14:58:37
97,123,45,24,2,14:58:43
97,123,45,24,2,14:58:48
97,123,45,24,2,14:58:54
97,123,45,24,2,14:58:59
97,123,45,24,2,14:59:05
97,124,45,24,2,14:59:10
97,123,45,24,2,14:59:16
97,124,45,24,2,14:59:21
97,124,45,24,2,14:59:27
97,124,45,24,2,14:59:32
97,124,45,24,2,14:59:38
97,124,45,24,2,14:59:43
98,124,45,24,2,14:59:49
98,124,45,24,2,14:59:54
98,124,45,24,2,15:00:00
98,124,45,24,2,15:00:05
98,125,45,24,2,15:00:11
98,125,45,24,2,15:00:16
98,125,45,24,2,15:00:22
98,125,45,24,2,15:00:27
98,125,45,24,2,15:00:33
98,125,45,24,2,15:00:38
98,125,45,24,2,15:00:44
98,125,45,24,2,15:00:49
98,125,45,24,2,15:00:55
98,125,45,24,2,15:01:00
98,125,45,24,2,15:01:06
98,125,45,24,2,15:01:09
98,125,45,24,2,15:01:14
96,124,45,24,2,15:01:20
86,86,42,23,2,15:07:35
70,114,42,23,2,15:07:40
68,121,42,23,2,15:07:46
66,113,43,23,2,15:07:51
66,103,43,23,2,15:07:57
65,100,43,23,2,15:08:08
65,92,43,23,2,15:08:13
64,94,43,23,2,15:08:19
64,92,42,23,2,15:08:24
64,94,42,23,2,15:08:30
64,92,42,23,2,15:08:35
64,90,42,23,2,15:08:41
64,89,42,23,2,15:08:47
64,90,42,23,2,15:08:52
64,90,42,23,2,15:08:58
64,89,42,23,2,15:09:03
64,90,2,23,2,15:09:09
64,91,42,23,2,15:09:14
64,91,42,23,2,15:09:20
64,94,42,23,2,15:09:25
64,90,42,23,2,15:09:42
0,91,42,23,2,15:09:47
64,0,42,22,2,15:09:58
64,91,42,23,2,15:10:04
88,86,39,23,2,15:20:43
91,86,40,23,2,15:20:49
80,80,40,23,2,15:20:54
80,80,40,23,2,15:21:00
130,165,40,23,2,15:21:11
138,972,42,23,2,15:21:16
149,971,45,23,2,15:21:22
155,964,47,23,2,15:21:27
157,970,48,23,2,15:21:33
155,957,51,23,2,15:21:38
155,971,53,23,2,15:21:44
155,965,53,23,2,15:21:49
155,970,54,23,2,15:21:55
156,968,55,23,2,15:22:00
156,971,55,23,2,15:22:06
156,139,56,23,2,15:22:11
156,133,56,23,2,15:22:17
156,131,56,23,2,15:22:22
156,132,56,23,2,15:22:28
159,132,56,24,2,15:22:33
160,132,56,24,2,15:22:39
160,132,56,24,2,15:22:50
159,130,56,24,2,15:23:01
159,129,56,24,2,15:23:06
159,130,56,24,2,15:23:12
159,128,56,24,2,15:23:18
159,127,56,24,2,15:23:23
158,127,55,24,2,15:23:29
158,127,55,24,2,15:23:34
158,126,55,25,2,15:23:40
158,127,55,25,2,15:23:45
158,127,55,25,2,15:23:51
168,129,55,25,2,15:23:56
172,991,53,25,2,15:24:29
213,995,58,26,2,15:27:20
216,991,58,26,2,15:27:26
218,991,58,26,2,15:27:31
219,991,58,26,2,15:27:37
219,991,58,26,2,15:27:42
219,991,59,26,2,15:27:48
220,991,59,26,2,15:27:53
219,991,59,26,2,15:27:59
220,991,59,26,2,15:28:04
222,992,59,27,2,15:28:10
221,992,59,27,2,15:28:15
222,992,60,27,2,15:28:21
220,992,60,27,2,15:28:26
219,992,60,27,2,15:28:32
217,992,61,27,2,15:28:37
216,992,61,27,2,15:28:43
215,992,61,27,2,15:28:48
215,992,61,27,2,15:28:54
214,992,62,27,2,15:28:59
107,105,55,27,2,15:31:56
99,116,49,27,2,15:32:01
89,132,0,0,2,15:32:12
87,141,41,26,2,15:32:18
96,126,40,26,2,15:32:23
136,107,33,26,2,15:32:29
104,98,40,24,2,15:33:57
111,95,40,24,2,15:34:02
121,112,40,24,2,15:34:08
128,135,40,23,2,15:34:36
129,136,40,23,2,15:34:41
132,141,40,23,2,15:34:47
114,131,40,23,2,15:34:52
103,121,44,23,2,15:34:58
102,117,49,23,2,15:35:03
100,123,52,23,2,15:35:09
101,120,53,23,2,15:35:14
101,116,55,23,2,15:35:20
101,116,56,23,2,15:35:25
100,116,56,23,2,15:35:31
100,119,57,23,2,15:35:36
100,123,57,23,2,15:35:42
100,118,57,8,2,15:35:47
100,121,57,23,2,15:35:53
100,121,58,23,2,15:35:58
100,121,58,23,2,15:36:04
100,127,58,23,2,15:36:09
101,136,58,23,2,15:36:15
102,137,58,23,2,15:36:20
103,125,59,23,2,15:36:26
104,133,59,24,2,15:36:31
106,134,60,24,2,15:36:37
107,136,60,24,2,15:36:42
107,135,61,24,2,15:36:48
107,141,61,24,2,15:36:53
108,136,61,24,2,15:36:59
108,136,61,24,2,15:37:04
108,141,61,24,2,15:37:10
109,140,62,24,2,15:37:15
111,128,62,24,2,15:37:21
114,140,62,24,2,15:37:32
115,143,63,24,2,15:37:37
117,150,64,24,2,15:37:48
119,149,64,24,2,15:37:59
120,152,65,24,2,15:38:05
121,156,65,24,2,15:38:11
122,155,65,24,2,15:38:16
123,157,66,24,2,15:38:22
124,164,66,24,2,15:38:27
125,154,66,24,2,15:38:33
128,158,33,24,2,15:38:49
129,158,67,24,2,15:38:55
130,167,67,24,2,15:39:00
128,166,67,24,2,15:39:06
131,162,67,24,2,15:39:11
131,164,67,24,2,15:39:17
132,164,68,24,2,15:39:22
132,162,68,24,2,15:39:28
5,164,68,24,2,15:39:33
133,169,68,24,2,15:39:39
134,5,68,24,2,15:39:44
134,164,64,24,2,15:39:50
134,169,68,24,2,15:39:55
135,166,68,24,2,15:40:01
135,165,68,24,2,15:40:06
136,171,68,25,2,15:40:12
136,169,69,0,2,15:40:23
136,8,69,25,2,15:40:34
136,169,2,25,2,15:40:39
128,170,69,25,2,15:40:50
140,185,70,6,2,15:42:02
143,192,70,25,2,15:42:30
144,193,70,25,2,15:42:35
145,202,70,25,2,15:42:46
146,202,70,25,2,15:42:52
147,200,70,25,2,15:42:57
148,202,70,25,2,15:43:03
150,201,70,25,2,15:43:08
151,200,70,25,2,15:43:14
289,392,71,25,2,15:51:18
290,394,71,25,2,15:51:24
292,396,71,25,2,15:51:29
293,399,71,25,2,15:51:35
294,399,71,25,2,15:51:35
296,402,71,25,2,15:51:41
297,406,71,25,2,15:51:46
298,407,71,25,2,15:51:52
299,410,71,25,2,15:51:57
301,412,71,25,2,15:52:03
302,414,71,25,2,15:52:08
303,417,71,25,2,15:52:14
304,418,71,25,2,15:52:19
305,420,71,25,2,15:52:25
307,421,71,25,2,15:52:30
307,424,71,25,2,15:52:36
309,426,71,25,2,15:52:41
310,428,71,25,2,15:52:47
311,430,71,25,2,15:52:53
312,433,71,25,2,15:52:58
313,434,71,25,2,15:53:04
314,436,71,25,2,15:53:09
315,438,71,25,2,15:53:15
316,440,71,25,2,15:53:20
316,441,71,25,2,15:53:26
317,443,71,25,2,15:53:31
318,445,70,25,2,15:53:37
319,446,70,25,2,15:53:42
320,449,70,25,2,15:53:48
321,450,70,25,2,15:53:53
322,452,70,25,2,15:53:59
323,453,70,25,2,15:54:04
324,455,70,25,2,15:54:10
324,457,70,25,2,15:54:15
325,458,70,25,2,15:54:21
326,460,70,25,2,15:54:26
327,462,70,25,2,15:54:32
328,463,70,25,2,15:54:37
329,465,70,25,2,15:54:43
329,467,70,25,2,15:54:48
330,468,70,25,2,15:54:54
331,470,70,25,2,15:54:59
331,472,70,25,2,15:55:05
332,473,70,25,2,15:55:10
333,474,70,25,2,15:55:16
334,476,70,25,2,15:55:21
335,477,70,25,2,15:55:27
335,479,70,25,2,15:55:32
336,481,70,25,2,15:55:38
337,482,70,25,2,15:55:43
338,484,70,25,2,15:55:49
338,485,70,25,2,15:55:54
339,486,70,25,2,15:56:00
340,488,70,25,2,15:56:05
340,488,70,25,2,15:56:11
341,490,70,25,2,15:56:16
342,491,70,25,2,15:56:22
342,492,70,25,2,15:56:28
343,494,70,25,2,15:56:33
344,495,70,25,2,15:56:39
344,241,70,25,2,15:56:44
345,498,70,25,2,15:56:50
346,499,70,25,2,15:56:55
346,500,70,25,2,15:57:01
347,501,70,25,2,15:57:06
347,502,70,25,2,15:57:12
348,504,70,25,2,15:57:17
349,505,70,25,2,15:57:23
350,508,70,25,2,15:57:28
351,512,70,25,2,15:57:34
352,516,70,25,2,15:57:39
354,520,70,25,2,15:57:45
355,524,70,25,2,15:57:50
357,528,70,25,2,15:57:56
359,531,70,25,2,15:58:01
361,535,70,25,2,15:58:07
363,539,70,25,2,15:58:12
365,542,70,25,2,15:58:18
367,546,70,25,2,15:58:23
368,549,70,25,2,15:58:29
370,553,70,25,2,15:58:34
372,556,70,25,2,15:58:40
374,559,70,25,2,15:58:45
375,562,70,0,2,15:58:51
377,565,70,25,2,15:58:56
379,568,70,25,2,15:59:02
381,570,70,25,2,15:59:07
383,574,70,25,2,15:59:13
384,577,70,25,2,15:59:18
386,580,70,25,2,15:59:24
388,582,70,25,2,15:59:29
389,585,70,25,2,15:59:35
391,587,70,25,2,15:59:40
392,589,70,25,2,15:59:46
394,592,70,25,2,15:59:51
395,594,70,25,2,15:59:57
397,596,70,25,2,16:00:02
398,598,70,25,2,16:00:08
400,601,70,25,2,16:00:14
401,603,70,25,2,16:00:19
402,605,70,25,2,16:00:25
404,607,70,25,2,16:00:30
405,609,70,25,2,16:00:36
406,612,70,25,2,16:00:41
407,614,70,25,2,16:00:47
409,616,70,25,2,16:00:52
410,619,70,25,2,16:00:58
411,621,70,25,2,16:01:03
412,623,70,25,2,16:01:09
413,624,70,25,2,16:01:14
414,627,70,25,2,16:01:20
416,628,70,25,2,16:01:25
416,630,70,25,2,16:01:31
417,632,70,25,2,16:01:36
418,633,70,25,2,16:01:42
419,635,70,25,2,16:01:47
420,636,70,25,2,16:01:53
421,638,70,25,2,16:01:58
422,640,70,25,2,16:02:04
423,641,70,25,2,16:02:09
424,642,70,25,2,16:02:15
425,644,70,25,2,16:02:20
426,645,70,25,2,16:02:26
427,647,70,25,2,16:02:31
427,648,70,25,2,16:02:37
428,650,70,25,2,16:02:42
429,652,70,25,2,16:02:48
430,653,70,25,2,16:02:53
431,654,70,25,2,16:02:59
432,656,70,25,2,16:03:04
432,657,70,25,2,16:03:10
433,659,70,25,2,16:03:15
434,660,70,25,2,16:03:21
435,661,70,25,2,16:03:26
436,663,70,25,2,16:03:32
436,664,70,25,2,16:03:37
437,666,70,25,2,16:03:43
438,667,70,25,2,16:03:48
439,669,70,25,2,16:03:54
439,670,70,25,2,16:04:00
440,671,70,25,2,16:04:05
441,673,70,25,2,16:04:11
442,674,70,25,2,16:04:16
442,675,70,25,2,16:04:22
443,676,70,25,2,16:04:27
444,678,70,25,2,16:04:33
444,679,70,25,2,16:04:38
445,680,70,25,2,16:04:44
446,682,70,25,2,16:04:49
447,683,70,25,2,16:04:55
447,684,70,25,2,16:05:00
448,685,70,25,2,16:05:06
449,686,70,25,2,16:05:11
449,687,70,25,2,16:05:17
450,687,70,25,2,16:05:22
450,687,70,25,2,16:05:28
450,687,70,25,2,16:05:33
450,673,70,25,2,16:05:39
449,667,70,25,2,16:05:44
447,662,70,25,2,16:05:50
444,659,70,25,2,16:05:55
441,656,70,25,2,16:06:01
438,655,70,25,2,16:06:06
436,654,70,25,2,16:06:12
434,654,70,25,2,16:06:17
431,654,70,25,2,16:06:23
430,654,70,25,2,16:06:28
428,654,70,25,2,16:06:34
427,655,70,25,2,16:06:39
427,655,70,25,2,16:06:45
426,656,70,25,2,16:06:50
425,657,70,25,2,16:06:56
425,658,70,25,2,16:07:01
424,659,70,25,2,16:07:07
424,661,70,25,2,16:07:12
424,662,70,25,2,16:07:18
424,664,70,25,2,16:07:23
424,666,70,25,2,16:07:29
425,668,70,25,2,16:07:35
426,670,70,25,2,16:07:40
426,672,70,25,2,16:07:46
427,674,70,25,2,16:07:51
428,676,70,25,2,16:07:57
429,678,70,25,2,16:08:02
431,680,70,25,2,16:08:08
432,682,70,25,2,16:08:13
433,684,70,25,2,16:08:19
435,686,70,25,2,16:08:24
436,688,70,25,2,16:08:30
438,690,70,25,2,16:08:35
439,692,70,25,2,16:08:41
441,693,70,25,2,16:08:46
443,695,70,25,2,16:08:52
444,697,70,25,2,16:08:57
446,698,70,25,2,16:09:03
447,700,70,25,2,16:09:08
449,702,70,25,2,16:09:14
451,704,70,25,2,16:09:19
453,705,70,25,2,16:09:25
455,707,70,25,2,16:09:30
457,709,70,25,2,16:09:36
459,710,70,25,2,16:09:41
460,712,70,25,2,16:09:47
462,714,70,25,2,16:09:52
465,716,70,25,2,16:09:58
467,718,70,25,2,16:10:03
469,719,70,25,2,16:10:09
471,721,70,25,2,16:10:14
473,723,70,25,2,16:10:20
476,724,70,25,2,16:10:25
478,726,70,25,2,16:10:31
480,728,70,25,2,16:10:36
482,730,70,25,2,16:10:42
485,731,70,25,2,16:10:47
487,733,70,25,2,16:10:53
489,735,70,25,2,16:10:58
491,736,70,25,2,16:11:04
494,738,70,25,2,16:11:09
496,740,70,25,2,16:11:15
499,741,70,25,2,16:11:21
502,743,70,25,2,16:11:26
504,744,71,25,2,16:11:32
507,746,71,25,2,16:11:37
509,747,71,25,2,16:11:43
512,749,71,25,2,16:11:48
515,750,71,25,2,16:11:54
517,751,71,25,2,16:11:59
520,753,71,25,2,16:12:05
522,754,71,25,2,16:12:10
525,756,71,25,2,16:12:16
527,757,71,25,2,16:12:21
530,759,71,25,2,16:12:27
532,760,71,25,2,16:12:32
534,761,71,25,2,16:12:38
537,763,71,25,2,16:12:43
539,764,71,25,2,16:12:49
542,765,71,25,2,16:12:54
544,766,71,25,2,16:13:00
546,767,71,25,2,16:13:05
549,769,71,25,2,16:13:11
551,770,71,25,2,16:13:16
553,771,71,25,2,16:13:22
555,772,71,25,2,16:13:27
558,773,71,25,2,16:13:33
560,774,71,25,2,16:13:38
562,775,71,25,2,16:13:44
564,776,71,25,2,16:13:49
566,778,71,25,2,16:13:55
568,779,71,25,2,16:14:00
570,780,71,25,2,16:14:06
572,781,4,25,2,16:14:11
574,782,71,25,2,16:14:17
576,783,71,25,2,16:14:22
578,784,71,25,2,16:14:28
580,785,71,25,2,16:14:33
582,786,71,25,2,16:14:39
584,786,71,25,2,16:14:44
586,787,71,25,2,16:14:50
588,788,71,25,2,16:14:56
590,789,71,25,2,16:15:01
592,790,71,25,2,16:15:07
594,791,71,25,2,16:15:12
596,791,71,25,2,16:15:18
598,792,71,25,2,16:15:23
600,793,71,25,2,16:15:29
602,794,71,25,2,16:15:34
604,795,71,25,2,16:15:40
606,795,71,25,2,16:15:45
608,796,71,25,2,16:15:51
610,797,71,25,2,16:15:56
612,797,71,25,2,16:16:02
614,798,71,25,2,16:16:07
616,799,71,25,2,16:16:13
617,799,71,25,2,16:16:18
619,800,71,25,2,16:16:24
621,801,71,25,2,16:16:29
623,801,71,25,2,16:16:35
624,802,71,25,2,16:16:40
626,803,71,25,2,16:16:46
627,804,71,25,2,16:16:51
629,804,71,25,2,16:16:57
631,805,71,25,2,16:17:02
632,806,71,25,2,16:17:08
634,807,71,25,2,16:17:13
635,807,71,25,2,16:17:19
637,808,71,25,2,16:17:24
638,809,71,25,2,16:17:30
640,810,71,25,2,16:17:35
641,810,71,25,2,16:17:41
642,811,71,25,2,16:17:46
643,812,71,25,2,16:17:52
644,812,71,25,2,16:17:57
646,813,71,25,2,16:18:03
647,814,71,25,2,16:18:08
648,814,71,25,2,16:18:14
650,815,71,25,2,16:18:19
651,815,71,25,2,16:18:25
652,816,71,25,2,16:18:30
653,817,71,25,2,16:18:36
654,817,71,25,2,16:18:42
655,818,71,25,2,16:18:47
656,819,71,25,2,16:18:53
657,819,71,25,2,16:18:58
658,820,71,25,2,16:19:04
660,820,71,25,2,16:19:09
661,821,71,25,2,16:19:15
662,821,71,25,2,16:19:20
663,822,71,25,2,16:19:26
664,823,71,25,2,16:19:31
665,823,71,25,2,16:19:37
666,824,71,25,2,16:19:42
667,824,71,25,2,16:19:48
668,825,71,25,2,16:19:53
669,825,71,25,2,16:19:59
670,826,71,25,2,16:20:04
671,826,71,25,2,16:20:10
672,827,71,25,2,16:20:15
673,827,71,25,2,16:20:21
674,828,71,25,2,16:20:26
675,829,71,25,2,16:20:32
675,829,71,25,2,16:20:37
676,830,71,25,2,16:20:43
677,830,35,25,2,16:20:48
678,831,71,25,2,16:20:54
679,831,71,25,2,16:20:59
680,832,71,25,2,16:21:05
681,832,71,25,2,16:21:10
682,833,71,25,2,16:21:16
682,833,71,25,2,16:21:21
683,834,71,25,2,16:21:27
684,834,71,25,2,16:21:32
685,835,71,25,2,16:21:38
686,835,71,25,2,16:21:43
686,836,71,25,2,16:21:49
687,836,71,25,2,16:21:54
688,837,71,25,2,16:22:00
689,837,71,25,2,16:22:05
690,838,71,25,2,16:22:11
690,838,71,25,2,16:22:17
691,839,71,25,2,16:22:22
692,839,71,25,2,16:22:28
693,840,71,25,2,16:22:33
693,840,71,25,2,16:22:39
694,841,71,25,2,16:22:44
695,841,71,25,2,16:22:50
696,842,71,25,2,16:22:55
696,842,71,25,2,16:23:01
697,842,71,25,2,16:23:06
698,843,71,25,2,16:23:12
698,843,71,25,2,16:23:17
699,844,71,25,2,16:23:23
700,844,71,25,2,16:23:28
700,845,71,25,2,16:23:34
701,845,71,25,2,16:23:39
702,846,71,25,2,16:23:45
702,846,71,25,2,16:23:50
703,846,71,25,2,16:23:56
704,847,71,25,2,16:24:02
704,847,71,25,2,16:24:07
705,847,71,25,2,16:24:13
706,848,71,25,2,16:24:18
706,848,71,25,2,16:24:24
707,849,71,25,2,16:24:29
708,849,71,25,2,16:24:35
708,850,71,25,2,16:24:40
709,850,71,25,2,16:24:46
709,850,71,25,2,16:24:51
711,851,71,25,2,16:25:02
711,851,71,25,2,16:25:08
712,852,71,25,2,16:25:13
713,852,71,25,2,16:25:19
713,852,71,25,2,16:25:24
714,853,71,25,2,16:25:30
715,853,71,25,2,16:25:35
715,853,71,25,2,16:25:41
716,854,71,25,2,16:25:46
716,854,71,25,2,16:25:52
717,854,71,25,2,16:25:57
718,855,71,25,2,16:26:03
718,855,71,25,2,16:26:08
719,855,71,25,2,16:26:14
719,855,71,25,2,16:26:19
720,856,71,25,2,16:26:25
721,856,71,25,2,16:26:30
721,856,71,25,2,16:26:36
722,857,71,25,2,16:26:41
723,857,71,25,2,16:26:47
723,857,71,25,2,16:26:52
724,857,71,25,2,16:26:58
724,858,71,25,2,16:27:03
725,858,71,25,2,16:27:09
726,858,71,25,2,16:27:14
726,858,71,25,2,16:27:20
726,858,4,25,2,16:27:25
726,858,71,25,2,16:27:31
726,858,71,25,2,16:27:36
727,858,71,25,2,16:27:42
727,857,71,25,2,16:27:47
727,858,71,25,2,16:27:51
727,857,71,25,2,16:27:57
727,857,71,25,2,16:28:02
727,857,71,25,2,16:28:09
727,858,71,25,2,16:28:15
727,858,71,25,2,16:28:20
728,858,71,25,2,16:28:26
729,859,71,25,2,16:28:31
730,859,71,25,2,16:28:37
731,860,71,25,2,16:28:42
733,861,71,25,2,16:28:48
734,861,71,25,2,16:28:53
735,862,71,25,2,16:28:59
737,863,71,25,2,16:29:04
738,863,71,25,2,16:29:10
739,864,71,25,2,16:29:15
740,864,71,25,2,16:29:21
741,864,71,25,2,16:29:26
742,865,71,25,2,16:29:32
744,867,71,25,2,16:29:37
747,868,71,25,2,16:29:43
749,868,71,25,2,16:29:54
750,868,71,25,2,16:29:59
750,869,71,25,2,16:30:05
751,869,71,25,2,16:30:10
752,869,71,25,2,16:30:16
752,869,71,25,2,16:30:21
752,869,71,25,2,16:30:27
753,869,71,25,2,16:30:32
753,869,71,25,2,16:30:38
753,869,71,25,2,16:30:43
754,868,71,25,2,16:30:54
753,868,71,25,2,16:31:00
754,868,71,25,2,16:31:04
753,868,71,25,2,16:31:10
753,868,71,25,2,16:31:15
753,868,71,25,2,16:31:21
753,868,71,25,2,16:31:26
753,868,71,25,2,16:31:32
754,868,71,25,2,16:31:37
754,868,71,25,2,16:31:43
755,868,71,25,2,16:31:48
755,868,71,25,2,16:31:54
756,869,71,25,2,16:31:59
756,869,71,25,2,16:32:05
760,872,71,25,2,16:32:10
763,875,71,25,2,16:32:16
765,875,71,25,2,16:32:21
767,877,71,25,2,16:32:27
768,879,71,25,2,16:32:32
771,880,71,25,2,16:32:38
774,882,71,25,2,16:32:43
777,882,71,25,2,16:32:54
781,874,73,24,2,16:34:06
779,874,73,24,2,16:34:11
781,873,73,24,2,16:34:17
777,869,74,24,2,16:35:12
777,870,74,24,2,16:35:18
775,869,74,24,2,16:35:23
773,870,74,24,2,16:35:29
772,870,74,24,2,16:35:34
772,870,74,24,2,16:35:40
772,870,74,24,2,16:35:45
772,870,74,24,2,16:35:51
772,870,74,24,2,16:35:56
772,870,74,24,2,16:36:02
772,871,74,24,2,16:36:07
772,871,74,24,2,16:36:13
772,871,75,24,2,16:36:18
773,871,74,24,2,16:36:24
773,871,74,24,2,16:36:29
773,871,74,24,2,16:36:35
773,871,74,24,2,16:36:40
773,871,74,24,2,16:36:46
774,871,74,24,2,16:36:51
773,870,74,24,2,16:36:57
773,870,74,25,2,16:37:02
773,870,74,25,2,16:37:08
772,870,74,24,2,16:37:13
772,869,74,25,2,16:37:19
771,869,74,25,2,16:37:24
770,868,73,25,2,16:37:30
157,154,66,25,2,16:44:01
155,153,66,25,2,16:44:01
158,156,66,25,2,16:44:12
161,160,66,25,2,16:44:12
168,168,66,26,2,16:44:23
171,172,66,26,2,16:44:29
174,178,66,26,2,16:44:34
178,183,66,26,2,16:44:40
186,176,66,26,2,16:44:45
188,196,66,26,2,16:44:51
193,204,66,26,2,16:44:56
197,212,66,26,2,16:45:02
200,219,66,26,2,16:45:07
204,227,66,26,2,16:45:13
208,234,66,26,2,16:45:18
212,241,66,26,2,16:45:24
215,249,66,8,2,16:45:29
219,257,66,26,2,16:45:35
222,265,33,26,2,16:45:40
225,272,66,26,2,16:45:46
228,272,66,6,2,16:45:51
230,287,66,26,2,16:45:57
233,293,66,26,2,16:46:02
239,306,66,26,2,16:46:14
241,313,66,26,2,16:46:19
244,320,66,2,2,16:46:25
247,326,66,26,2,16:46:30
250,332,66,26,2,16:46:36
256,343,65,26,2,16:46:47
258,348,65,26,2,16:46:52
261,354,65,26,2,16:46:58
264,361,65,26,2,16:47:03
266,366,65,26,2,16:47:09
272,374,65,26,2,16:47:20
258,378,65,26,2,16:47:25
277,387,65,26,2,16:47:31
280,393,65,6,2,16:47:36
282,398,65,26,2,16:47:42
28,403,65,26,2,16:47:47
287,409,65,26,2,16:47:53
289,415,65,26,2,16:47:58
292,420,65,26,2,16:48:04
294,426,65,26,2,16:48:09
297,430,65,26,2,16:48:15
300,436,65,26,2,16:48:20
302,441,0,26,2,16:48:26
49,447,65,26,2,16:48:31
48,200,65,26,2,16:48:42
313,461,65,26,2,16:48:48
316,468,64,27,2,16:48:53
326,478,64,27,2,16:49:04
326,483,64,26,2,16:49:10
325,488,64,27,2,16:49:15
72,493,64,27,2,16:49:21
330,499,64,27,2,16:49:26
333,248,64,8,2,16:49:32
336,510,64,27,2,16:49:37
339,516,64,27,2,16:49:43
342,522,64,27,2,16:49:48
345,526,64,27,2,16:49:54
348,515,64,27,2,16:49:59
352,536,64,27,2,16:50:05
355,542,64,27,2,16:50:11
359,548,64,27,2,16:50:16
367,560,64,27,2,16:50:27
371,564,64,27,2,16:50:33
13,569,64,0,2,16:50:38
268,576,64,27,2,16:50:44
383,581,4,27,2,16:50:49
128,522,63,27,2,16:50:55
392,591,63,27,2,16:51:00
268,595,63,27,2,16:51:06
420,599,63,27,2,16:51:11
421,604,63,0,2,16:51:17
434,608,63,27,2,16:51:22
448,612,63,27,2,16:51:28
458,627,63,27,2,16:51:44
416,631,63,27,2,16:51:50
464,642,63,27,2,16:52:01
468,647,35,27,2,16:52:06
464,524,63,8,2,16:52:12
478,657,63,6,2,16:52:17
257,668,63,27,2,16:52:28
260,512,62,27,2,16:52:39
471,683,62,27,2,16:52:45
268,689,62,27,2,16:52:50
225,693,62,27,2,16:52:56
256,702,62,27,2,16:53:07
497,707,62,27,2,16:53:12
510,716,62,0,2,16:53:23